sex,age,attribute,score,t_score
f,8,total,150,90
f,8,total,149,90
f,8,total,148,90
f,8,total,147,90
f,8,total,146,90
f,8,total,145,90
f,8,total,144,90
f,8,total,143,90
f,8,total,142,90
f,8,total,141,90
f,8,total,140,90
f,8,total,139,90
f,8,total,138,90
f,8,total,137,90
f,8,total,136,90
f,8,total,135,90
f,8,total,134,90
f,8,total,133,90
f,8,total,132,90
f,8,total,131,89
f,8,total,130,89
f,8,total,129,88
f,8,total,128,88
f,8,total,127,87
f,8,total,126,87
f,8,total,125,86
f,8,total,124,86
f,8,total,123,85
f,8,total,122,85
f,8,total,121,84
f,8,total,120,83
f,8,total,119,83
f,8,total,118,82
f,8,total,117,82
f,8,total,116,81
f,8,total,115,81
f,8,total,114,80
f,8,total,113,80
f,8,total,112,79
f,8,total,111,79
f,8,total,110,78
f,8,total,109,78
f,8,total,108,77
f,8,total,107,77
f,8,total,106,76
f,8,total,105,76
f,8,total,104,75
f,8,total,103,75
f,8,total,102,74
f,8,total,101,74
f,8,total,100,73
f,8,total,99,73
f,8,total,98,72
f,8,total,97,72
f,8,total,96,71
f,8,total,95,70
f,8,total,94,70
f,8,total,93,69
f,8,total,92,69
f,8,total,91,68
f,8,total,90,68
f,8,total,89,67
f,8,total,88,67
f,8,total,87,66
f,8,total,86,66
f,8,total,85,65
f,8,total,84,65
f,8,total,83,64
f,8,total,82,64
f,8,total,81,63
f,8,total,80,63
f,8,total,79,62
f,8,total,78,62
f,8,total,77,61
f,8,total,76,61
f,8,total,75,60
f,8,total,74,60
f,8,total,73,59
f,8,total,72,59
f,8,total,71,58
f,8,total,70,58
f,8,total,69,57
f,8,total,68,56
f,8,total,67,56
f,8,total,66,55
f,8,total,65,55
f,8,total,64,54
f,8,total,63,54
f,8,total,62,53
f,8,total,61,53
f,8,total,60,52
f,8,total,59,52
f,8,total,58,51
f,8,total,57,51
f,8,total,56,50
f,8,total,55,50
f,8,total,54,49
f,8,total,53,49
f,8,total,52,48
f,8,total,51,48
f,8,total,50,47
f,8,total,49,47
f,8,total,48,46
f,8,total,47,46
f,8,total,46,45
f,8,total,45,45
f,8,total,44,44
f,8,total,43,43
f,8,total,42,43
f,8,total,41,42
f,8,total,40,42
f,8,total,39,41
f,8,total,38,41
f,8,total,37,40
f,8,total,36,40
f,8,total,35,40
f,8,total,34,40
f,8,total,33,40
f,8,total,32,40
f,8,total,31,40
f,8,total,30,40
f,8,total,29,40
f,8,total,28,40
f,8,total,27,40
f,8,total,26,40
f,8,total,25,40
f,8,total,24,40
f,8,total,23,40
f,8,total,22,40
f,8,total,21,40
f,8,total,20,40
f,8,total,19,40
f,8,total,18,40
f,8,total,17,40
f,8,total,16,40
f,8,total,15,40
f,8,total,14,40
f,8,total,13,40
f,8,total,12,40
f,8,total,11,40
f,8,total,10,40
f,8,total,9,40
f,8,total,8,40
f,8,total,7,40
f,8,total,6,40
f,8,total,5,40
f,8,total,4,40
f,8,total,3,40
f,8,total,2,40
f,8,total,1,40
f,8,total,0,40
f,9,total,150,90
f,9,total,149,90
f,9,total,148,90
f,9,total,147,90
f,9,total,146,90
f,9,total,145,90
f,9,total,144,90
f,9,total,143,90
f,9,total,142,90
f,9,total,141,90
f,9,total,140,90
f,9,total,139,90
f,9,total,138,90
f,9,total,137,90
f,9,total,136,90
f,9,total,135,90
f,9,total,134,90
f,9,total,133,90
f,9,total,132,90
f,9,total,131,89
f,9,total,130,89
f,9,total,129,88
f,9,total,128,88
f,9,total,127,87
f,9,total,126,87
f,9,total,125,86
f,9,total,124,86
f,9,total,123,85
f,9,total,122,85
f,9,total,121,84
f,9,total,120,83
f,9,total,119,83
f,9,total,118,82
f,9,total,117,82
f,9,total,116,81
f,9,total,115,81
f,9,total,114,80
f,9,total,113,80
f,9,total,112,79
f,9,total,111,79
f,9,total,110,78
f,9,total,109,78
f,9,total,108,77
f,9,total,107,77
f,9,total,106,76
f,9,total,105,76
f,9,total,104,75
f,9,total,103,75
f,9,total,102,74
f,9,total,101,74
f,9,total,100,73
f,9,total,99,73
f,9,total,98,72
f,9,total,97,72
f,9,total,96,71
f,9,total,95,70
f,9,total,94,70
f,9,total,93,69
f,9,total,92,69
f,9,total,91,68
f,9,total,90,68
f,9,total,89,67
f,9,total,88,67
f,9,total,87,66
f,9,total,86,66
f,9,total,85,65
f,9,total,84,65
f,9,total,83,64
f,9,total,82,64
f,9,total,81,63
f,9,total,80,63
f,9,total,79,62
f,9,total,78,62
f,9,total,77,61
f,9,total,76,61
f,9,total,75,60
f,9,total,74,60
f,9,total,73,59
f,9,total,72,59
f,9,total,71,58
f,9,total,70,58
f,9,total,69,57
f,9,total,68,56
f,9,total,67,56
f,9,total,66,55
f,9,total,65,55
f,9,total,64,54
f,9,total,63,54
f,9,total,62,53
f,9,total,61,53
f,9,total,60,52
f,9,total,59,52
f,9,total,58,51
f,9,total,57,51
f,9,total,56,50
f,9,total,55,50
f,9,total,54,49
f,9,total,53,49
f,9,total,52,48
f,9,total,51,48
f,9,total,50,47
f,9,total,49,47
f,9,total,48,46
f,9,total,47,46
f,9,total,46,45
f,9,total,45,45
f,9,total,44,44
f,9,total,43,43
f,9,total,42,43
f,9,total,41,42
f,9,total,40,42
f,9,total,39,41
f,9,total,38,41
f,9,total,37,40
f,9,total,36,40
f,9,total,35,40
f,9,total,34,40
f,9,total,33,40
f,9,total,32,40
f,9,total,31,40
f,9,total,30,40
f,9,total,29,40
f,9,total,28,40
f,9,total,27,40
f,9,total,26,40
f,9,total,25,40
f,9,total,24,40
f,9,total,23,40
f,9,total,22,40
f,9,total,21,40
f,9,total,20,40
f,9,total,19,40
f,9,total,18,40
f,9,total,17,40
f,9,total,16,40
f,9,total,15,40
f,9,total,14,40
f,9,total,13,40
f,9,total,12,40
f,9,total,11,40
f,9,total,10,40
f,9,total,9,40
f,9,total,8,40
f,9,total,7,40
f,9,total,6,40
f,9,total,5,40
f,9,total,4,40
f,9,total,3,40
f,9,total,2,40
f,9,total,1,40
f,9,total,0,40
f,10,total,150,90
f,10,total,149,90
f,10,total,148,90
f,10,total,147,90
f,10,total,146,90
f,10,total,145,90
f,10,total,144,90
f,10,total,143,90
f,10,total,142,90
f,10,total,141,90
f,10,total,140,90
f,10,total,139,90
f,10,total,138,90
f,10,total,137,90
f,10,total,136,90
f,10,total,135,90
f,10,total,134,90
f,10,total,133,90
f,10,total,132,90
f,10,total,131,89
f,10,total,130,89
f,10,total,129,88
f,10,total,128,88
f,10,total,127,87
f,10,total,126,87
f,10,total,125,86
f,10,total,124,86
f,10,total,123,85
f,10,total,122,85
f,10,total,121,84
f,10,total,120,83
f,10,total,119,83
f,10,total,118,82
f,10,total,117,82
f,10,total,116,81
f,10,total,115,81
f,10,total,114,80
f,10,total,113,80
f,10,total,112,79
f,10,total,111,79
f,10,total,110,78
f,10,total,109,78
f,10,total,108,77
f,10,total,107,77
f,10,total,106,76
f,10,total,105,76
f,10,total,104,75
f,10,total,103,75
f,10,total,102,74
f,10,total,101,74
f,10,total,100,73
f,10,total,99,73
f,10,total,98,72
f,10,total,97,72
f,10,total,96,71
f,10,total,95,70
f,10,total,94,70
f,10,total,93,69
f,10,total,92,69
f,10,total,91,68
f,10,total,90,68
f,10,total,89,67
f,10,total,88,67
f,10,total,87,66
f,10,total,86,66
f,10,total,85,65
f,10,total,84,65
f,10,total,83,64
f,10,total,82,64
f,10,total,81,63
f,10,total,80,63
f,10,total,79,62
f,10,total,78,62
f,10,total,77,61
f,10,total,76,61
f,10,total,75,60
f,10,total,74,60
f,10,total,73,59
f,10,total,72,59
f,10,total,71,58
f,10,total,70,58
f,10,total,69,57
f,10,total,68,56
f,10,total,67,56
f,10,total,66,55
f,10,total,65,55
f,10,total,64,54
f,10,total,63,54
f,10,total,62,53
f,10,total,61,53
f,10,total,60,52
f,10,total,59,52
f,10,total,58,51
f,10,total,57,51
f,10,total,56,50
f,10,total,55,50
f,10,total,54,49
f,10,total,53,49
f,10,total,52,48
f,10,total,51,48
f,10,total,50,47
f,10,total,49,47
f,10,total,48,46
f,10,total,47,46
f,10,total,46,45
f,10,total,45,45
f,10,total,44,44
f,10,total,43,43
f,10,total,42,43
f,10,total,41,42
f,10,total,40,42
f,10,total,39,41
f,10,total,38,41
f,10,total,37,40
f,10,total,36,40
f,10,total,35,40
f,10,total,34,40
f,10,total,33,40
f,10,total,32,40
f,10,total,31,40
f,10,total,30,40
f,10,total,29,40
f,10,total,28,40
f,10,total,27,40
f,10,total,26,40
f,10,total,25,40
f,10,total,24,40
f,10,total,23,40
f,10,total,22,40
f,10,total,21,40
f,10,total,20,40
f,10,total,19,40
f,10,total,18,40
f,10,total,17,40
f,10,total,16,40
f,10,total,15,40
f,10,total,14,40
f,10,total,13,40
f,10,total,12,40
f,10,total,11,40
f,10,total,10,40
f,10,total,9,40
f,10,total,8,40
f,10,total,7,40
f,10,total,6,40
f,10,total,5,40
f,10,total,4,40
f,10,total,3,40
f,10,total,2,40
f,10,total,1,40
f,10,total,0,40
f,11,total,150,90
f,11,total,149,90
f,11,total,148,90
f,11,total,147,90
f,11,total,146,90
f,11,total,145,90
f,11,total,144,90
f,11,total,143,90
f,11,total,142,90
f,11,total,141,90
f,11,total,140,90
f,11,total,139,90
f,11,total,138,90
f,11,total,137,90
f,11,total,136,90
f,11,total,135,90
f,11,total,134,90
f,11,total,133,90
f,11,total,132,90
f,11,total,131,89
f,11,total,130,89
f,11,total,129,88
f,11,total,128,88
f,11,total,127,87
f,11,total,126,87
f,11,total,125,86
f,11,total,124,86
f,11,total,123,85
f,11,total,122,85
f,11,total,121,84
f,11,total,120,83
f,11,total,119,83
f,11,total,118,82
f,11,total,117,82
f,11,total,116,81
f,11,total,115,81
f,11,total,114,80
f,11,total,113,80
f,11,total,112,79
f,11,total,111,79
f,11,total,110,78
f,11,total,109,78
f,11,total,108,77
f,11,total,107,77
f,11,total,106,76
f,11,total,105,76
f,11,total,104,75
f,11,total,103,75
f,11,total,102,74
f,11,total,101,74
f,11,total,100,73
f,11,total,99,73
f,11,total,98,72
f,11,total,97,72
f,11,total,96,71
f,11,total,95,70
f,11,total,94,70
f,11,total,93,69
f,11,total,92,69
f,11,total,91,68
f,11,total,90,68
f,11,total,89,67
f,11,total,88,67
f,11,total,87,66
f,11,total,86,66
f,11,total,85,65
f,11,total,84,65
f,11,total,83,64
f,11,total,82,64
f,11,total,81,63
f,11,total,80,63
f,11,total,79,62
f,11,total,78,62
f,11,total,77,61
f,11,total,76,61
f,11,total,75,60
f,11,total,74,60
f,11,total,73,59
f,11,total,72,59
f,11,total,71,58
f,11,total,70,58
f,11,total,69,57
f,11,total,68,56
f,11,total,67,56
f,11,total,66,55
f,11,total,65,55
f,11,total,64,54
f,11,total,63,54
f,11,total,62,53
f,11,total,61,53
f,11,total,60,52
f,11,total,59,52
f,11,total,58,51
f,11,total,57,51
f,11,total,56,50
f,11,total,55,50
f,11,total,54,49
f,11,total,53,49
f,11,total,52,48
f,11,total,51,48
f,11,total,50,47
f,11,total,49,47
f,11,total,48,46
f,11,total,47,46
f,11,total,46,45
f,11,total,45,45
f,11,total,44,44
f,11,total,43,43
f,11,total,42,43
f,11,total,41,42
f,11,total,40,42
f,11,total,39,41
f,11,total,38,41
f,11,total,37,40
f,11,total,36,40
f,11,total,35,40
f,11,total,34,40
f,11,total,33,40
f,11,total,32,40
f,11,total,31,40
f,11,total,30,40
f,11,total,29,40
f,11,total,28,40
f,11,total,27,40
f,11,total,26,40
f,11,total,25,40
f,11,total,24,40
f,11,total,23,40
f,11,total,22,40
f,11,total,21,40
f,11,total,20,40
f,11,total,19,40
f,11,total,18,40
f,11,total,17,40
f,11,total,16,40
f,11,total,15,40
f,11,total,14,40
f,11,total,13,40
f,11,total,12,40
f,11,total,11,40
f,11,total,10,40
f,11,total,9,40
f,11,total,8,40
f,11,total,7,40
f,11,total,6,40
f,11,total,5,40
f,11,total,4,40
f,11,total,3,40
f,11,total,2,40
f,11,total,1,40
f,11,total,0,40
f,12,total,150,90
f,12,total,149,90
f,12,total,148,90
f,12,total,147,90
f,12,total,146,90
f,12,total,145,90
f,12,total,144,90
f,12,total,143,90
f,12,total,142,90
f,12,total,141,90
f,12,total,140,90
f,12,total,139,90
f,12,total,138,90
f,12,total,137,90
f,12,total,136,90
f,12,total,135,90
f,12,total,134,90
f,12,total,133,90
f,12,total,132,90
f,12,total,131,90
f,12,total,130,90
f,12,total,129,89
f,12,total,128,89
f,12,total,127,88
f,12,total,126,88
f,12,total,125,87
f,12,total,124,87
f,12,total,123,86
f,12,total,122,86
f,12,total,121,85
f,12,total,120,85
f,12,total,119,84
f,12,total,118,84
f,12,total,117,83
f,12,total,116,83
f,12,total,115,82
f,12,total,114,82
f,12,total,113,81
f,12,total,112,81
f,12,total,111,80
f,12,total,110,80
f,12,total,109,79
f,12,total,108,79
f,12,total,107,78
f,12,total,106,78
f,12,total,105,77
f,12,total,104,77
f,12,total,103,76
f,12,total,102,76
f,12,total,101,75
f,12,total,100,75
f,12,total,99,74
f,12,total,98,74
f,12,total,97,73
f,12,total,96,73
f,12,total,95,72
f,12,total,94,72
f,12,total,93,71
f,12,total,92,71
f,12,total,91,70
f,12,total,90,70
f,12,total,89,69
f,12,total,88,69
f,12,total,87,68
f,12,total,86,68
f,12,total,85,67
f,12,total,84,67
f,12,total,83,66
f,12,total,82,66
f,12,total,81,65
f,12,total,80,65
f,12,total,79,64
f,12,total,78,64
f,12,total,77,63
f,12,total,76,63
f,12,total,75,62
f,12,total,74,62
f,12,total,73,61
f,12,total,72,61
f,12,total,71,60
f,12,total,70,60
f,12,total,69,59
f,12,total,68,59
f,12,total,67,58
f,12,total,66,58
f,12,total,65,57
f,12,total,64,57
f,12,total,63,56
f,12,total,62,56
f,12,total,61,55
f,12,total,60,55
f,12,total,59,54
f,12,total,58,54
f,12,total,57,53
f,12,total,56,53
f,12,total,55,52
f,12,total,54,52
f,12,total,53,51
f,12,total,52,51
f,12,total,51,50
f,12,total,50,50
f,12,total,49,49
f,12,total,48,49
f,12,total,47,48
f,12,total,46,48
f,12,total,45,47
f,12,total,44,47
f,12,total,43,46
f,12,total,42,46
f,12,total,41,45
f,12,total,40,45
f,12,total,39,44
f,12,total,38,44
f,12,total,37,43
f,12,total,36,43
f,12,total,35,42
f,12,total,34,42
f,12,total,33,41
f,12,total,32,41
f,12,total,31,40
f,12,total,30,40
f,12,total,29,40
f,12,total,28,40
f,12,total,27,40
f,12,total,26,40
f,12,total,25,40
f,12,total,24,40
f,12,total,23,40
f,12,total,22,40
f,12,total,21,40
f,12,total,20,40
f,12,total,19,40
f,12,total,18,40
f,12,total,17,40
f,12,total,16,40
f,12,total,15,40
f,12,total,14,40
f,12,total,13,40
f,12,total,12,40
f,12,total,11,40
f,12,total,10,40
f,12,total,9,40
f,12,total,8,40
f,12,total,7,40
f,12,total,6,40
f,12,total,5,40
f,12,total,4,40
f,12,total,3,40
f,12,total,2,40
f,12,total,1,40
f,12,total,0,40
f,13,total,150,90
f,13,total,149,90
f,13,total,148,90
f,13,total,147,90
f,13,total,146,90
f,13,total,145,90
f,13,total,144,90
f,13,total,143,90
f,13,total,142,90
f,13,total,141,90
f,13,total,140,90
f,13,total,139,90
f,13,total,138,90
f,13,total,137,90
f,13,total,136,90
f,13,total,135,90
f,13,total,134,90
f,13,total,133,90
f,13,total,132,90
f,13,total,131,90
f,13,total,130,90
f,13,total,129,89
f,13,total,128,89
f,13,total,127,88
f,13,total,126,88
f,13,total,125,87
f,13,total,124,87
f,13,total,123,86
f,13,total,122,86
f,13,total,121,85
f,13,total,120,85
f,13,total,119,84
f,13,total,118,84
f,13,total,117,83
f,13,total,116,83
f,13,total,115,82
f,13,total,114,82
f,13,total,113,81
f,13,total,112,81
f,13,total,111,80
f,13,total,110,80
f,13,total,109,79
f,13,total,108,79
f,13,total,107,78
f,13,total,106,78
f,13,total,105,77
f,13,total,104,77
f,13,total,103,76
f,13,total,102,76
f,13,total,101,75
f,13,total,100,75
f,13,total,99,74
f,13,total,98,74
f,13,total,97,73
f,13,total,96,73
f,13,total,95,72
f,13,total,94,72
f,13,total,93,71
f,13,total,92,71
f,13,total,91,70
f,13,total,90,70
f,13,total,89,69
f,13,total,88,69
f,13,total,87,68
f,13,total,86,68
f,13,total,85,67
f,13,total,84,67
f,13,total,83,66
f,13,total,82,66
f,13,total,81,65
f,13,total,80,65
f,13,total,79,64
f,13,total,78,64
f,13,total,77,63
f,13,total,76,63
f,13,total,75,62
f,13,total,74,62
f,13,total,73,61
f,13,total,72,61
f,13,total,71,60
f,13,total,70,60
f,13,total,69,59
f,13,total,68,59
f,13,total,67,58
f,13,total,66,58
f,13,total,65,57
f,13,total,64,57
f,13,total,63,56
f,13,total,62,56
f,13,total,61,55
f,13,total,60,55
f,13,total,59,54
f,13,total,58,54
f,13,total,57,53
f,13,total,56,53
f,13,total,55,52
f,13,total,54,52
f,13,total,53,51
f,13,total,52,51
f,13,total,51,50
f,13,total,50,50
f,13,total,49,49
f,13,total,48,49
f,13,total,47,48
f,13,total,46,48
f,13,total,45,47
f,13,total,44,47
f,13,total,43,46
f,13,total,42,46
f,13,total,41,45
f,13,total,40,45
f,13,total,39,44
f,13,total,38,44
f,13,total,37,43
f,13,total,36,43
f,13,total,35,42
f,13,total,34,42
f,13,total,33,41
f,13,total,32,41
f,13,total,31,40
f,13,total,30,40
f,13,total,29,40
f,13,total,28,40
f,13,total,27,40
f,13,total,26,40
f,13,total,25,40
f,13,total,24,40
f,13,total,23,40
f,13,total,22,40
f,13,total,21,40
f,13,total,20,40
f,13,total,19,40
f,13,total,18,40
f,13,total,17,40
f,13,total,16,40
f,13,total,15,40
f,13,total,14,40
f,13,total,13,40
f,13,total,12,40
f,13,total,11,40
f,13,total,10,40
f,13,total,9,40
f,13,total,8,40
f,13,total,7,40
f,13,total,6,40
f,13,total,5,40
f,13,total,4,40
f,13,total,3,40
f,13,total,2,40
f,13,total,1,40
f,13,total,0,40
f,14,total,150,90
f,14,total,149,90
f,14,total,148,90
f,14,total,147,90
f,14,total,146,90
f,14,total,145,90
f,14,total,144,90
f,14,total,143,90
f,14,total,142,90
f,14,total,141,90
f,14,total,140,90
f,14,total,139,90
f,14,total,138,90
f,14,total,137,90
f,14,total,136,90
f,14,total,135,90
f,14,total,134,90
f,14,total,133,90
f,14,total,132,90
f,14,total,131,90
f,14,total,130,90
f,14,total,129,89
f,14,total,128,89
f,14,total,127,88
f,14,total,126,88
f,14,total,125,87
f,14,total,124,87
f,14,total,123,86
f,14,total,122,86
f,14,total,121,85
f,14,total,120,85
f,14,total,119,84
f,14,total,118,84
f,14,total,117,83
f,14,total,116,83
f,14,total,115,82
f,14,total,114,82
f,14,total,113,81
f,14,total,112,81
f,14,total,111,80
f,14,total,110,80
f,14,total,109,79
f,14,total,108,79
f,14,total,107,78
f,14,total,106,78
f,14,total,105,77
f,14,total,104,77
f,14,total,103,76
f,14,total,102,76
f,14,total,101,75
f,14,total,100,75
f,14,total,99,74
f,14,total,98,74
f,14,total,97,73
f,14,total,96,73
f,14,total,95,72
f,14,total,94,72
f,14,total,93,71
f,14,total,92,71
f,14,total,91,70
f,14,total,90,70
f,14,total,89,69
f,14,total,88,69
f,14,total,87,68
f,14,total,86,68
f,14,total,85,67
f,14,total,84,67
f,14,total,83,66
f,14,total,82,66
f,14,total,81,65
f,14,total,80,65
f,14,total,79,64
f,14,total,78,64
f,14,total,77,63
f,14,total,76,63
f,14,total,75,62
f,14,total,74,62
f,14,total,73,61
f,14,total,72,61
f,14,total,71,60
f,14,total,70,60
f,14,total,69,59
f,14,total,68,59
f,14,total,67,58
f,14,total,66,58
f,14,total,65,57
f,14,total,64,57
f,14,total,63,56
f,14,total,62,56
f,14,total,61,55
f,14,total,60,55
f,14,total,59,54
f,14,total,58,54
f,14,total,57,53
f,14,total,56,53
f,14,total,55,52
f,14,total,54,52
f,14,total,53,51
f,14,total,52,51
f,14,total,51,50
f,14,total,50,50
f,14,total,49,49
f,14,total,48,49
f,14,total,47,48
f,14,total,46,48
f,14,total,45,47
f,14,total,44,47
f,14,total,43,46
f,14,total,42,46
f,14,total,41,45
f,14,total,40,45
f,14,total,39,44
f,14,total,38,44
f,14,total,37,43
f,14,total,36,43
f,14,total,35,42
f,14,total,34,42
f,14,total,33,41
f,14,total,32,41
f,14,total,31,40
f,14,total,30,40
f,14,total,29,40
f,14,total,28,40
f,14,total,27,40
f,14,total,26,40
f,14,total,25,40
f,14,total,24,40
f,14,total,23,40
f,14,total,22,40
f,14,total,21,40
f,14,total,20,40
f,14,total,19,40
f,14,total,18,40
f,14,total,17,40
f,14,total,16,40
f,14,total,15,40
f,14,total,14,40
f,14,total,13,40
f,14,total,12,40
f,14,total,11,40
f,14,total,10,40
f,14,total,9,40
f,14,total,8,40
f,14,total,7,40
f,14,total,6,40
f,14,total,5,40
f,14,total,4,40
f,14,total,3,40
f,14,total,2,40
f,14,total,1,40
f,14,total,0,40
f,15,total,150,90
f,15,total,149,90
f,15,total,148,90
f,15,total,147,90
f,15,total,146,90
f,15,total,145,90
f,15,total,144,90
f,15,total,143,90
f,15,total,142,90
f,15,total,141,90
f,15,total,140,90
f,15,total,139,90
f,15,total,138,90
f,15,total,137,90
f,15,total,136,90
f,15,total,135,90
f,15,total,134,90
f,15,total,133,90
f,15,total,132,90
f,15,total,131,90
f,15,total,130,90
f,15,total,129,89
f,15,total,128,89
f,15,total,127,88
f,15,total,126,88
f,15,total,125,87
f,15,total,124,87
f,15,total,123,86
f,15,total,122,86
f,15,total,121,85
f,15,total,120,85
f,15,total,119,84
f,15,total,118,84
f,15,total,117,83
f,15,total,116,83
f,15,total,115,82
f,15,total,114,82
f,15,total,113,81
f,15,total,112,81
f,15,total,111,80
f,15,total,110,80
f,15,total,109,79
f,15,total,108,79
f,15,total,107,78
f,15,total,106,78
f,15,total,105,77
f,15,total,104,77
f,15,total,103,76
f,15,total,102,76
f,15,total,101,75
f,15,total,100,75
f,15,total,99,74
f,15,total,98,74
f,15,total,97,73
f,15,total,96,73
f,15,total,95,72
f,15,total,94,72
f,15,total,93,71
f,15,total,92,71
f,15,total,91,70
f,15,total,90,70
f,15,total,89,69
f,15,total,88,69
f,15,total,87,68
f,15,total,86,68
f,15,total,85,67
f,15,total,84,67
f,15,total,83,66
f,15,total,82,66
f,15,total,81,65
f,15,total,80,65
f,15,total,79,64
f,15,total,78,64
f,15,total,77,63
f,15,total,76,63
f,15,total,75,62
f,15,total,74,62
f,15,total,73,61
f,15,total,72,61
f,15,total,71,60
f,15,total,70,60
f,15,total,69,59
f,15,total,68,59
f,15,total,67,58
f,15,total,66,58
f,15,total,65,57
f,15,total,64,57
f,15,total,63,56
f,15,total,62,56
f,15,total,61,55
f,15,total,60,55
f,15,total,59,54
f,15,total,58,54
f,15,total,57,53
f,15,total,56,53
f,15,total,55,52
f,15,total,54,52
f,15,total,53,51
f,15,total,52,51
f,15,total,51,50
f,15,total,50,50
f,15,total,49,49
f,15,total,48,49
f,15,total,47,48
f,15,total,46,48
f,15,total,45,47
f,15,total,44,47
f,15,total,43,46
f,15,total,42,46
f,15,total,41,45
f,15,total,40,45
f,15,total,39,44
f,15,total,38,44
f,15,total,37,43
f,15,total,36,43
f,15,total,35,42
f,15,total,34,42
f,15,total,33,41
f,15,total,32,41
f,15,total,31,40
f,15,total,30,40
f,15,total,29,40
f,15,total,28,40
f,15,total,27,40
f,15,total,26,40
f,15,total,25,40
f,15,total,24,40
f,15,total,23,40
f,15,total,22,40
f,15,total,21,40
f,15,total,20,40
f,15,total,19,40
f,15,total,18,40
f,15,total,17,40
f,15,total,16,40
f,15,total,15,40
f,15,total,14,40
f,15,total,13,40
f,15,total,12,40
f,15,total,11,40
f,15,total,10,40
f,15,total,9,40
f,15,total,8,40
f,15,total,7,40
f,15,total,6,40
f,15,total,5,40
f,15,total,4,40
f,15,total,3,40
f,15,total,2,40
f,15,total,1,40
f,15,total,0,40
f,16,total,150,90
f,16,total,149,90
f,16,total,148,90
f,16,total,147,90
f,16,total,146,90
f,16,total,145,90
f,16,total,144,90
f,16,total,143,90
f,16,total,142,90
f,16,total,141,90
f,16,total,140,90
f,16,total,139,90
f,16,total,138,90
f,16,total,137,90
f,16,total,136,90
f,16,total,135,90
f,16,total,134,90
f,16,total,133,90
f,16,total,132,90
f,16,total,131,90
f,16,total,130,90
f,16,total,129,90
f,16,total,128,90
f,16,total,127,90
f,16,total,126,90
f,16,total,125,90
f,16,total,124,90
f,16,total,123,90
f,16,total,122,90
f,16,total,121,90
f,16,total,120,90
f,16,total,119,90
f,16,total,118,90
f,16,total,117,90
f,16,total,116,90
f,16,total,115,89
f,16,total,114,89
f,16,total,113,88
f,16,total,112,87
f,16,total,111,87
f,16,total,110,86
f,16,total,109,86
f,16,total,108,85
f,16,total,107,84
f,16,total,106,84
f,16,total,105,83
f,16,total,104,83
f,16,total,103,82
f,16,total,102,82
f,16,total,101,81
f,16,total,100,80
f,16,total,99,80
f,16,total,98,79
f,16,total,97,79
f,16,total,96,78
f,16,total,95,77
f,16,total,94,77
f,16,total,93,76
f,16,total,92,76
f,16,total,91,75
f,16,total,90,75
f,16,total,89,74
f,16,total,88,73
f,16,total,87,73
f,16,total,86,72
f,16,total,85,72
f,16,total,84,71
f,16,total,83,70
f,16,total,82,70
f,16,total,81,69
f,16,total,80,69
f,16,total,79,68
f,16,total,78,68
f,16,total,77,67
f,16,total,76,66
f,16,total,75,66
f,16,total,74,65
f,16,total,73,65
f,16,total,72,64
f,16,total,71,63
f,16,total,70,63
f,16,total,69,62
f,16,total,68,62
f,16,total,67,61
f,16,total,66,61
f,16,total,65,60
f,16,total,64,59
f,16,total,63,59
f,16,total,62,58
f,16,total,61,58
f,16,total,60,57
f,16,total,59,56
f,16,total,58,56
f,16,total,57,55
f,16,total,56,55
f,16,total,55,54
f,16,total,54,53
f,16,total,53,53
f,16,total,52,52
f,16,total,51,52
f,16,total,50,51
f,16,total,49,51
f,16,total,48,50
f,16,total,47,49
f,16,total,46,49
f,16,total,45,48
f,16,total,44,48
f,16,total,43,47
f,16,total,42,46
f,16,total,41,46
f,16,total,40,45
f,16,total,39,45
f,16,total,38,44
f,16,total,37,44
f,16,total,36,43
f,16,total,35,42
f,16,total,34,42
f,16,total,33,41
f,16,total,32,41
f,16,total,31,40
f,16,total,30,40
f,16,total,29,40
f,16,total,28,40
f,16,total,27,40
f,16,total,26,40
f,16,total,25,40
f,16,total,24,40
f,16,total,23,40
f,16,total,22,40
f,16,total,21,40
f,16,total,20,40
f,16,total,19,40
f,16,total,18,40
f,16,total,17,40
f,16,total,16,40
f,16,total,15,40
f,16,total,14,40
f,16,total,13,40
f,16,total,12,40
f,16,total,11,40
f,16,total,10,40
f,16,total,9,40
f,16,total,8,40
f,16,total,7,40
f,16,total,6,40
f,16,total,5,40
f,16,total,4,40
f,16,total,3,40
f,16,total,2,40
f,16,total,1,40
f,16,total,0,40
f,17,total,150,90
f,17,total,149,90
f,17,total,148,90
f,17,total,147,90
f,17,total,146,90
f,17,total,145,90
f,17,total,144,90
f,17,total,143,90
f,17,total,142,90
f,17,total,141,90
f,17,total,140,90
f,17,total,139,90
f,17,total,138,90
f,17,total,137,90
f,17,total,136,90
f,17,total,135,90
f,17,total,134,90
f,17,total,133,90
f,17,total,132,90
f,17,total,131,90
f,17,total,130,90
f,17,total,129,90
f,17,total,128,90
f,17,total,127,90
f,17,total,126,90
f,17,total,125,90
f,17,total,124,90
f,17,total,123,90
f,17,total,122,90
f,17,total,121,90
f,17,total,120,90
f,17,total,119,90
f,17,total,118,90
f,17,total,117,90
f,17,total,116,90
f,17,total,115,89
f,17,total,114,89
f,17,total,113,88
f,17,total,112,87
f,17,total,111,87
f,17,total,110,86
f,17,total,109,86
f,17,total,108,85
f,17,total,107,84
f,17,total,106,84
f,17,total,105,83
f,17,total,104,83
f,17,total,103,82
f,17,total,102,82
f,17,total,101,81
f,17,total,100,80
f,17,total,99,80
f,17,total,98,79
f,17,total,97,79
f,17,total,96,78
f,17,total,95,77
f,17,total,94,77
f,17,total,93,76
f,17,total,92,76
f,17,total,91,75
f,17,total,90,75
f,17,total,89,74
f,17,total,88,73
f,17,total,87,73
f,17,total,86,72
f,17,total,85,72
f,17,total,84,71
f,17,total,83,70
f,17,total,82,70
f,17,total,81,69
f,17,total,80,69
f,17,total,79,68
f,17,total,78,68
f,17,total,77,67
f,17,total,76,66
f,17,total,75,66
f,17,total,74,65
f,17,total,73,65
f,17,total,72,64
f,17,total,71,63
f,17,total,70,63
f,17,total,69,62
f,17,total,68,62
f,17,total,67,61
f,17,total,66,61
f,17,total,65,60
f,17,total,64,59
f,17,total,63,59
f,17,total,62,58
f,17,total,61,58
f,17,total,60,57
f,17,total,59,56
f,17,total,58,56
f,17,total,57,55
f,17,total,56,55
f,17,total,55,54
f,17,total,54,53
f,17,total,53,53
f,17,total,52,52
f,17,total,51,52
f,17,total,50,51
f,17,total,49,51
f,17,total,48,50
f,17,total,47,49
f,17,total,46,49
f,17,total,45,48
f,17,total,44,48
f,17,total,43,47
f,17,total,42,46
f,17,total,41,46
f,17,total,40,45
f,17,total,39,45
f,17,total,38,44
f,17,total,37,44
f,17,total,36,43
f,17,total,35,42
f,17,total,34,42
f,17,total,33,41
f,17,total,32,41
f,17,total,31,40
f,17,total,30,40
f,17,total,29,40
f,17,total,28,40
f,17,total,27,40
f,17,total,26,40
f,17,total,25,40
f,17,total,24,40
f,17,total,23,40
f,17,total,22,40
f,17,total,21,40
f,17,total,20,40
f,17,total,19,40
f,17,total,18,40
f,17,total,17,40
f,17,total,16,40
f,17,total,15,40
f,17,total,14,40
f,17,total,13,40
f,17,total,12,40
f,17,total,11,40
f,17,total,10,40
f,17,total,9,40
f,17,total,8,40
f,17,total,7,40
f,17,total,6,40
f,17,total,5,40
f,17,total,4,40
f,17,total,3,40
f,17,total,2,40
f,17,total,1,40
f,17,total,0,40
f,18,total,150,90
f,18,total,149,90
f,18,total,148,90
f,18,total,147,90
f,18,total,146,90
f,18,total,145,90
f,18,total,144,90
f,18,total,143,90
f,18,total,142,90
f,18,total,141,90
f,18,total,140,90
f,18,total,139,90
f,18,total,138,90
f,18,total,137,90
f,18,total,136,90
f,18,total,135,90
f,18,total,134,90
f,18,total,133,90
f,18,total,132,90
f,18,total,131,90
f,18,total,130,90
f,18,total,129,90
f,18,total,128,90
f,18,total,127,90
f,18,total,126,90
f,18,total,125,90
f,18,total,124,90
f,18,total,123,90
f,18,total,122,90
f,18,total,121,90
f,18,total,120,90
f,18,total,119,90
f,18,total,118,90
f,18,total,117,90
f,18,total,116,90
f,18,total,115,89
f,18,total,114,89
f,18,total,113,88
f,18,total,112,87
f,18,total,111,87
f,18,total,110,86
f,18,total,109,86
f,18,total,108,85
f,18,total,107,84
f,18,total,106,84
f,18,total,105,83
f,18,total,104,83
f,18,total,103,82
f,18,total,102,82
f,18,total,101,81
f,18,total,100,80
f,18,total,99,80
f,18,total,98,79
f,18,total,97,79
f,18,total,96,78
f,18,total,95,77
f,18,total,94,77
f,18,total,93,76
f,18,total,92,76
f,18,total,91,75
f,18,total,90,75
f,18,total,89,74
f,18,total,88,73
f,18,total,87,73
f,18,total,86,72
f,18,total,85,72
f,18,total,84,71
f,18,total,83,70
f,18,total,82,70
f,18,total,81,69
f,18,total,80,69
f,18,total,79,68
f,18,total,78,68
f,18,total,77,67
f,18,total,76,66
f,18,total,75,66
f,18,total,74,65
f,18,total,73,65
f,18,total,72,64
f,18,total,71,63
f,18,total,70,63
f,18,total,69,62
f,18,total,68,62
f,18,total,67,61
f,18,total,66,61
f,18,total,65,60
f,18,total,64,59
f,18,total,63,59
f,18,total,62,58
f,18,total,61,58
f,18,total,60,57
f,18,total,59,56
f,18,total,58,56
f,18,total,57,55
f,18,total,56,55
f,18,total,55,54
f,18,total,54,53
f,18,total,53,53
f,18,total,52,52
f,18,total,51,52
f,18,total,50,51
f,18,total,49,51
f,18,total,48,50
f,18,total,47,49
f,18,total,46,49
f,18,total,45,48
f,18,total,44,48
f,18,total,43,47
f,18,total,42,46
f,18,total,41,46
f,18,total,40,45
f,18,total,39,45
f,18,total,38,44
f,18,total,37,44
f,18,total,36,43
f,18,total,35,42
f,18,total,34,42
f,18,total,33,41
f,18,total,32,41
f,18,total,31,40
f,18,total,30,40
f,18,total,29,40
f,18,total,28,40
f,18,total,27,40
f,18,total,26,40
f,18,total,25,40
f,18,total,24,40
f,18,total,23,40
f,18,total,22,40
f,18,total,21,40
f,18,total,20,40
f,18,total,19,40
f,18,total,18,40
f,18,total,17,40
f,18,total,16,40
f,18,total,15,40
f,18,total,14,40
f,18,total,13,40
f,18,total,12,40
f,18,total,11,40
f,18,total,10,40
f,18,total,9,40
f,18,total,8,40
f,18,total,7,40
f,18,total,6,40
f,18,total,5,40
f,18,total,4,40
f,18,total,3,40
f,18,total,2,40
f,18,total,1,40
f,18,total,0,40
f,19,total,150,90
f,19,total,149,90
f,19,total,148,90
f,19,total,147,90
f,19,total,146,90
f,19,total,145,90
f,19,total,144,90
f,19,total,143,90
f,19,total,142,90
f,19,total,141,90
f,19,total,140,90
f,19,total,139,90
f,19,total,138,90
f,19,total,137,90
f,19,total,136,90
f,19,total,135,90
f,19,total,134,90
f,19,total,133,90
f,19,total,132,90
f,19,total,131,90
f,19,total,130,90
f,19,total,129,90
f,19,total,128,90
f,19,total,127,90
f,19,total,126,90
f,19,total,125,90
f,19,total,124,90
f,19,total,123,90
f,19,total,122,90
f,19,total,121,90
f,19,total,120,90
f,19,total,119,90
f,19,total,118,90
f,19,total,117,90
f,19,total,116,90
f,19,total,115,89
f,19,total,114,89
f,19,total,113,88
f,19,total,112,87
f,19,total,111,87
f,19,total,110,86
f,19,total,109,86
f,19,total,108,85
f,19,total,107,84
f,19,total,106,84
f,19,total,105,83
f,19,total,104,83
f,19,total,103,82
f,19,total,102,82
f,19,total,101,81
f,19,total,100,80
f,19,total,99,80
f,19,total,98,79
f,19,total,97,79
f,19,total,96,78
f,19,total,95,77
f,19,total,94,77
f,19,total,93,76
f,19,total,92,76
f,19,total,91,75
f,19,total,90,75
f,19,total,89,74
f,19,total,88,73
f,19,total,87,73
f,19,total,86,72
f,19,total,85,72
f,19,total,84,71
f,19,total,83,70
f,19,total,82,70
f,19,total,81,69
f,19,total,80,69
f,19,total,79,68
f,19,total,78,68
f,19,total,77,67
f,19,total,76,66
f,19,total,75,66
f,19,total,74,65
f,19,total,73,65
f,19,total,72,64
f,19,total,71,63
f,19,total,70,63
f,19,total,69,62
f,19,total,68,62
f,19,total,67,61
f,19,total,66,61
f,19,total,65,60
f,19,total,64,59
f,19,total,63,59
f,19,total,62,58
f,19,total,61,58
f,19,total,60,57
f,19,total,59,56
f,19,total,58,56
f,19,total,57,55
f,19,total,56,55
f,19,total,55,54
f,19,total,54,53
f,19,total,53,53
f,19,total,52,52
f,19,total,51,52
f,19,total,50,51
f,19,total,49,51
f,19,total,48,50
f,19,total,47,49
f,19,total,46,49
f,19,total,45,48
f,19,total,44,48
f,19,total,43,47
f,19,total,42,46
f,19,total,41,46
f,19,total,40,45
f,19,total,39,45
f,19,total,38,44
f,19,total,37,44
f,19,total,36,43
f,19,total,35,42
f,19,total,34,42
f,19,total,33,41
f,19,total,32,41
f,19,total,31,40
f,19,total,30,40
f,19,total,29,40
f,19,total,28,40
f,19,total,27,40
f,19,total,26,40
f,19,total,25,40
f,19,total,24,40
f,19,total,23,40
f,19,total,22,40
f,19,total,21,40
f,19,total,20,40
f,19,total,19,40
f,19,total,18,40
f,19,total,17,40
f,19,total,16,40
f,19,total,15,40
f,19,total,14,40
f,19,total,13,40
f,19,total,12,40
f,19,total,11,40
f,19,total,10,40
f,19,total,9,40
f,19,total,8,40
f,19,total,7,40
f,19,total,6,40
f,19,total,5,40
f,19,total,4,40
f,19,total,3,40
f,19,total,2,40
f,19,total,1,40
f,19,total,0,40
f,8,sp,27,89
f,8,sp,26,87
f,8,sp,25,84
f,8,sp,24,82
f,8,sp,23,80
f,8,sp,22,78
f,8,sp,21,75
f,8,sp,20,73
f,8,sp,19,71
f,8,sp,18,68
f,8,sp,17,67
f,8,sp,16,64
f,8,sp,15,62
f,8,sp,14,59
f,8,sp,13,57
f,8,sp,12,55
f,8,sp,11,53
f,8,sp,10,50
f,8,sp,9,48
f,8,sp,8,46
f,8,sp,7,44
f,8,sp,6,41
f,8,sp,5,40
f,8,sp,4,40
f,8,sp,3,40
f,8,sp,2,40
f,8,sp,1,40
f,8,sp,0,40
f,9,sp,27,89
f,9,sp,26,87
f,9,sp,25,84
f,9,sp,24,82
f,9,sp,23,80
f,9,sp,22,78
f,9,sp,21,75
f,9,sp,20,73
f,9,sp,19,71
f,9,sp,18,68
f,9,sp,17,67
f,9,sp,16,64
f,9,sp,15,62
f,9,sp,14,59
f,9,sp,13,57
f,9,sp,12,55
f,9,sp,11,53
f,9,sp,10,50
f,9,sp,9,48
f,9,sp,8,46
f,9,sp,7,44
f,9,sp,6,41
f,9,sp,5,40
f,9,sp,4,40
f,9,sp,3,40
f,9,sp,2,40
f,9,sp,1,40
f,9,sp,0,40
f,10,sp,27,89
f,10,sp,26,87
f,10,sp,25,84
f,10,sp,24,82
f,10,sp,23,80
f,10,sp,22,78
f,10,sp,21,75
f,10,sp,20,73
f,10,sp,19,71
f,10,sp,18,68
f,10,sp,17,67
f,10,sp,16,64
f,10,sp,15,62
f,10,sp,14,59
f,10,sp,13,57
f,10,sp,12,55
f,10,sp,11,53
f,10,sp,10,50
f,10,sp,9,48
f,10,sp,8,46
f,10,sp,7,44
f,10,sp,6,41
f,10,sp,5,40
f,10,sp,4,40
f,10,sp,3,40
f,10,sp,2,40
f,10,sp,1,40
f,10,sp,0,40
f,11,sp,27,89
f,11,sp,26,87
f,11,sp,25,84
f,11,sp,24,82
f,11,sp,23,80
f,11,sp,22,78
f,11,sp,21,75
f,11,sp,20,73
f,11,sp,19,71
f,11,sp,18,68
f,11,sp,17,67
f,11,sp,16,64
f,11,sp,15,62
f,11,sp,14,59
f,11,sp,13,57
f,11,sp,12,55
f,11,sp,11,53
f,11,sp,10,50
f,11,sp,9,48
f,11,sp,8,46
f,11,sp,7,44
f,11,sp,6,41
f,11,sp,5,40
f,11,sp,4,40
f,11,sp,3,40
f,11,sp,2,40
f,11,sp,1,40
f,11,sp,0,40
f,8,gad,30,90
f,8,gad,29,90
f,8,gad,28,89
f,8,gad,27,87
f,8,gad,26,85
f,8,gad,25,83
f,8,gad,24,80
f,8,gad,23,78
f,8,gad,22,76
f,8,gad,21,74
f,8,gad,20,72
f,8,gad,19,70
f,8,gad,18,68
f,8,gad,17,66
f,8,gad,16,63
f,8,gad,15,61
f,8,gad,14,59
f,8,gad,13,57
f,8,gad,12,55
f,8,gad,11,53
f,8,gad,10,51
f,8,gad,9,49
f,8,gad,8,46
f,8,gad,7,44
f,8,gad,6,42
f,8,gad,5,40
f,8,gad,4,40
f,8,gad,3,40
f,8,gad,2,40
f,8,gad,1,40
f,8,gad,0,40
f,8,sa,27,76
f,8,sa,26,75
f,8,sa,25,73
f,8,sa,24,71
f,8,sa,23,70
f,8,sa,22,68
f,8,sa,21,67
f,8,sa,20,65
f,8,sa,19,63
f,8,sa,18,62
f,8,sa,17,60
f,8,sa,16,58
f,8,sa,15,57
f,8,sa,14,55
f,8,sa,13,53
f,8,sa,12,52
f,8,sa,11,50
f,8,sa,10,48
f,8,sa,9,47
f,8,sa,8,45
f,8,sa,7,43
f,8,sa,6,42
f,8,sa,5,40
f,8,sa,4,40
f,8,sa,3,40
f,8,sa,2,40
f,8,sa,1,40
f,8,sa,0,40
f,8,hr,15,72
f,8,hr,14,69
f,8,hr,13,67
f,8,hr,12,65
f,8,hr,11,62
f,8,hr,10,60
f,8,hr,9,57
f,8,hr,8,55
f,8,hr,7,53
f,8,hr,6,50
f,8,hr,5,48
f,8,hr,4,45
f,8,hr,3,43
f,8,hr,2,41
f,8,hr,1,40
f,8,hr,0,40
f,8,pf,12,76
f,8,pf,11,73
f,8,pf,10,69
f,8,pf,9,65
f,8,pf,8,61
f,8,pf,7,58
f,8,pf,6,54
f,8,pf,5,49
f,8,pf,4,46
f,8,pf,3,43
f,8,pf,2,40
f,8,pf,1,40
f,8,pf,0,40
f,8,oc,30,88
f,8,oc,29,86
f,8,oc,28,85
f,8,oc,27,83
f,8,oc,26,81
f,8,oc,25,80
f,8,oc,24,78
f,8,oc,23,76
f,8,oc,22,75
f,8,oc,21,73
f,8,oc,20,71
f,8,oc,19,69
f,8,oc,18,68
f,8,oc,17,66
f,8,oc,16,64
f,8,oc,15,63
f,8,oc,14,61
f,8,oc,13,59
f,8,oc,12,58
f,8,oc,11,56
f,8,oc,10,54
f,8,oc,9,53
f,8,oc,8,51
f,8,oc,7,49
f,8,oc,6,47
f,8,oc,5,46
f,8,oc,4,44
f,8,oc,3,42
f,8,oc,2,41
f,8,oc,1,40
f,8,oc,0,40
f,8,ps,36,90
f,8,ps,35,90
f,8,ps,34,90
f,8,ps,33,90
f,8,ps,32,90
f,8,ps,31,90
f,8,ps,30,88
f,8,ps,29,87
f,8,ps,28,85
f,8,ps,27,83
f,8,ps,26,82
f,8,ps,25,80
f,8,ps,24,78
f,8,ps,23,77
f,8,ps,22,75
f,8,ps,21,73
f,8,ps,20,72
f,8,ps,19,70
f,8,ps,18,68
f,8,ps,17,66
f,8,ps,16,65
f,8,ps,15,63
f,8,ps,14,61
f,8,ps,13,60
f,8,ps,12,58
f,8,ps,11,56
f,8,ps,10,55
f,8,ps,9,53
f,8,ps,8,51
f,8,ps,7,50
f,8,ps,6,48
f,8,ps,5,46
f,8,ps,4,45
f,8,ps,3,43
f,8,ps,2,41
f,8,ps,1,40
f,8,ps,0,40
f,8,p,21,90
f,8,p,20,90
f,8,p,19,90
f,8,p,18,90
f,8,p,17,89
f,8,p,16,86
f,8,p,15,83
f,8,p,14,80
f,8,p,13,77
f,8,p,12,74
f,8,p,11,71
f,8,p,10,68
f,8,p,9,65
f,8,p,8,62
f,8,p,7,60
f,8,p,6,57
f,8,p,5,54
f,8,p,4,51
f,8,p,3,48
f,8,p,2,45
f,8,p,1,42
f,8,p,0,40
f,8,tr,15,87
f,8,tr,14,84
f,8,tr,13,81
f,8,tr,12,77
f,8,tr,11,74
f,8,tr,10,71
f,8,tr,9,68
f,8,tr,8,65
f,8,tr,7,61
f,8,tr,6,58
f,8,tr,5,55
f,8,tr,4,52
f,8,tr,3,49
f,8,tr,2,45
f,8,tr,1,42
f,8,tr,0,40
f,8,ha,24,67
f,8,ha,23,64
f,8,ha,22,62
f,8,ha,21,59
f,8,ha,20,56
f,8,ha,19,54
f,8,ha,18,51
f,8,ha,17,48
f,8,ha,16,46
f,8,ha,15,43
f,8,ha,14,41
f,8,ha,13,40
f,8,ha,12,40
f,8,ha,11,40
f,8,ha,10,40
f,8,ha,9,40
f,8,ha,8,40
f,8,ha,7,40
f,8,ha,6,40
f,8,ha,5,40
f,8,ha,4,40
f,8,ha,3,40
f,8,ha,2,40
f,8,ha,1,40
f,8,ha,0,40
f,9,gad,30,90
f,9,gad,29,90
f,9,gad,28,89
f,9,gad,27,87
f,9,gad,26,85
f,9,gad,25,83
f,9,gad,24,80
f,9,gad,23,78
f,9,gad,22,76
f,9,gad,21,74
f,9,gad,20,72
f,9,gad,19,70
f,9,gad,18,68
f,9,gad,17,66
f,9,gad,16,63
f,9,gad,15,61
f,9,gad,14,59
f,9,gad,13,57
f,9,gad,12,55
f,9,gad,11,53
f,9,gad,10,51
f,9,gad,9,49
f,9,gad,8,46
f,9,gad,7,44
f,9,gad,6,42
f,9,gad,5,40
f,9,gad,4,40
f,9,gad,3,40
f,9,gad,2,40
f,9,gad,1,40
f,9,gad,0,40
f,9,sa,27,76
f,9,sa,26,75
f,9,sa,25,73
f,9,sa,24,71
f,9,sa,23,70
f,9,sa,22,68
f,9,sa,21,67
f,9,sa,20,65
f,9,sa,19,63
f,9,sa,18,62
f,9,sa,17,60
f,9,sa,16,58
f,9,sa,15,57
f,9,sa,14,55
f,9,sa,13,53
f,9,sa,12,52
f,9,sa,11,50
f,9,sa,10,48
f,9,sa,9,47
f,9,sa,8,45
f,9,sa,7,43
f,9,sa,6,42
f,9,sa,5,40
f,9,sa,4,40
f,9,sa,3,40
f,9,sa,2,40
f,9,sa,1,40
f,9,sa,0,40
f,9,hr,15,72
f,9,hr,14,69
f,9,hr,13,67
f,9,hr,12,65
f,9,hr,11,62
f,9,hr,10,60
f,9,hr,9,57
f,9,hr,8,55
f,9,hr,7,53
f,9,hr,6,50
f,9,hr,5,48
f,9,hr,4,45
f,9,hr,3,43
f,9,hr,2,41
f,9,hr,1,40
f,9,hr,0,40
f,9,pf,12,76
f,9,pf,11,73
f,9,pf,10,69
f,9,pf,9,65
f,9,pf,8,61
f,9,pf,7,58
f,9,pf,6,54
f,9,pf,5,49
f,9,pf,4,46
f,9,pf,3,43
f,9,pf,2,40
f,9,pf,1,40
f,9,pf,0,40
f,9,oc,30,88
f,9,oc,29,86
f,9,oc,28,85
f,9,oc,27,83
f,9,oc,26,81
f,9,oc,25,80
f,9,oc,24,78
f,9,oc,23,76
f,9,oc,22,75
f,9,oc,21,73
f,9,oc,20,71
f,9,oc,19,69
f,9,oc,18,68
f,9,oc,17,66
f,9,oc,16,64
f,9,oc,15,63
f,9,oc,14,61
f,9,oc,13,59
f,9,oc,12,58
f,9,oc,11,56
f,9,oc,10,54
f,9,oc,9,53
f,9,oc,8,51
f,9,oc,7,49
f,9,oc,6,47
f,9,oc,5,46
f,9,oc,4,44
f,9,oc,3,42
f,9,oc,2,41
f,9,oc,1,40
f,9,oc,0,40
f,9,ps,36,90
f,9,ps,35,90
f,9,ps,34,90
f,9,ps,33,90
f,9,ps,32,90
f,9,ps,31,90
f,9,ps,30,88
f,9,ps,29,87
f,9,ps,28,85
f,9,ps,27,83
f,9,ps,26,82
f,9,ps,25,80
f,9,ps,24,78
f,9,ps,23,77
f,9,ps,22,75
f,9,ps,21,73
f,9,ps,20,72
f,9,ps,19,70
f,9,ps,18,68
f,9,ps,17,66
f,9,ps,16,65
f,9,ps,15,63
f,9,ps,14,61
f,9,ps,13,60
f,9,ps,12,58
f,9,ps,11,56
f,9,ps,10,55
f,9,ps,9,53
f,9,ps,8,51
f,9,ps,7,50
f,9,ps,6,48
f,9,ps,5,46
f,9,ps,4,45
f,9,ps,3,43
f,9,ps,2,41
f,9,ps,1,40
f,9,ps,0,40
f,9,p,21,90
f,9,p,20,90
f,9,p,19,90
f,9,p,18,90
f,9,p,17,89
f,9,p,16,86
f,9,p,15,83
f,9,p,14,80
f,9,p,13,77
f,9,p,12,74
f,9,p,11,71
f,9,p,10,68
f,9,p,9,65
f,9,p,8,62
f,9,p,7,60
f,9,p,6,57
f,9,p,5,54
f,9,p,4,51
f,9,p,3,48
f,9,p,2,45
f,9,p,1,42
f,9,p,0,40
f,9,tr,15,87
f,9,tr,14,84
f,9,tr,13,81
f,9,tr,12,77
f,9,tr,11,74
f,9,tr,10,71
f,9,tr,9,68
f,9,tr,8,65
f,9,tr,7,61
f,9,tr,6,58
f,9,tr,5,55
f,9,tr,4,52
f,9,tr,3,49
f,9,tr,2,45
f,9,tr,1,42
f,9,tr,0,40
f,9,ha,24,67
f,9,ha,23,64
f,9,ha,22,62
f,9,ha,21,59
f,9,ha,20,56
f,9,ha,19,54
f,9,ha,18,51
f,9,ha,17,48
f,9,ha,16,46
f,9,ha,15,43
f,9,ha,14,41
f,9,ha,13,40
f,9,ha,12,40
f,9,ha,11,40
f,9,ha,10,40
f,9,ha,9,40
f,9,ha,8,40
f,9,ha,7,40
f,9,ha,6,40
f,9,ha,5,40
f,9,ha,4,40
f,9,ha,3,40
f,9,ha,2,40
f,9,ha,1,40
f,9,ha,0,40
f,10,gad,30,90
f,10,gad,29,90
f,10,gad,28,89
f,10,gad,27,87
f,10,gad,26,85
f,10,gad,25,83
f,10,gad,24,80
f,10,gad,23,78
f,10,gad,22,76
f,10,gad,21,74
f,10,gad,20,72
f,10,gad,19,70
f,10,gad,18,68
f,10,gad,17,66
f,10,gad,16,63
f,10,gad,15,61
f,10,gad,14,59
f,10,gad,13,57
f,10,gad,12,55
f,10,gad,11,53
f,10,gad,10,51
f,10,gad,9,49
f,10,gad,8,46
f,10,gad,7,44
f,10,gad,6,42
f,10,gad,5,40
f,10,gad,4,40
f,10,gad,3,40
f,10,gad,2,40
f,10,gad,1,40
f,10,gad,0,40
f,10,sa,27,76
f,10,sa,26,75
f,10,sa,25,73
f,10,sa,24,71
f,10,sa,23,70
f,10,sa,22,68
f,10,sa,21,67
f,10,sa,20,65
f,10,sa,19,63
f,10,sa,18,62
f,10,sa,17,60
f,10,sa,16,58
f,10,sa,15,57
f,10,sa,14,55
f,10,sa,13,53
f,10,sa,12,52
f,10,sa,11,50
f,10,sa,10,48
f,10,sa,9,47
f,10,sa,8,45
f,10,sa,7,43
f,10,sa,6,42
f,10,sa,5,40
f,10,sa,4,40
f,10,sa,3,40
f,10,sa,2,40
f,10,sa,1,40
f,10,sa,0,40
f,10,hr,15,72
f,10,hr,14,69
f,10,hr,13,67
f,10,hr,12,65
f,10,hr,11,62
f,10,hr,10,60
f,10,hr,9,57
f,10,hr,8,55
f,10,hr,7,53
f,10,hr,6,50
f,10,hr,5,48
f,10,hr,4,45
f,10,hr,3,43
f,10,hr,2,41
f,10,hr,1,40
f,10,hr,0,40
f,10,pf,12,76
f,10,pf,11,73
f,10,pf,10,69
f,10,pf,9,65
f,10,pf,8,61
f,10,pf,7,58
f,10,pf,6,54
f,10,pf,5,49
f,10,pf,4,46
f,10,pf,3,43
f,10,pf,2,40
f,10,pf,1,40
f,10,pf,0,40
f,10,oc,30,88
f,10,oc,29,86
f,10,oc,28,85
f,10,oc,27,83
f,10,oc,26,81
f,10,oc,25,80
f,10,oc,24,78
f,10,oc,23,76
f,10,oc,22,75
f,10,oc,21,73
f,10,oc,20,71
f,10,oc,19,69
f,10,oc,18,68
f,10,oc,17,66
f,10,oc,16,64
f,10,oc,15,63
f,10,oc,14,61
f,10,oc,13,59
f,10,oc,12,58
f,10,oc,11,56
f,10,oc,10,54
f,10,oc,9,53
f,10,oc,8,51
f,10,oc,7,49
f,10,oc,6,47
f,10,oc,5,46
f,10,oc,4,44
f,10,oc,3,42
f,10,oc,2,41
f,10,oc,1,40
f,10,oc,0,40
f,10,ps,36,90
f,10,ps,35,90
f,10,ps,34,90
f,10,ps,33,90
f,10,ps,32,90
f,10,ps,31,90
f,10,ps,30,88
f,10,ps,29,87
f,10,ps,28,85
f,10,ps,27,83
f,10,ps,26,82
f,10,ps,25,80
f,10,ps,24,78
f,10,ps,23,77
f,10,ps,22,75
f,10,ps,21,73
f,10,ps,20,72
f,10,ps,19,70
f,10,ps,18,68
f,10,ps,17,66
f,10,ps,16,65
f,10,ps,15,63
f,10,ps,14,61
f,10,ps,13,60
f,10,ps,12,58
f,10,ps,11,56
f,10,ps,10,55
f,10,ps,9,53
f,10,ps,8,51
f,10,ps,7,50
f,10,ps,6,48
f,10,ps,5,46
f,10,ps,4,45
f,10,ps,3,43
f,10,ps,2,41
f,10,ps,1,40
f,10,ps,0,40
f,10,p,21,90
f,10,p,20,90
f,10,p,19,90
f,10,p,18,90
f,10,p,17,89
f,10,p,16,86
f,10,p,15,83
f,10,p,14,80
f,10,p,13,77
f,10,p,12,74
f,10,p,11,71
f,10,p,10,68
f,10,p,9,65
f,10,p,8,62
f,10,p,7,60
f,10,p,6,57
f,10,p,5,54
f,10,p,4,51
f,10,p,3,48
f,10,p,2,45
f,10,p,1,42
f,10,p,0,40
f,10,tr,15,87
f,10,tr,14,84
f,10,tr,13,81
f,10,tr,12,77
f,10,tr,11,74
f,10,tr,10,71
f,10,tr,9,68
f,10,tr,8,65
f,10,tr,7,61
f,10,tr,6,58
f,10,tr,5,55
f,10,tr,4,52
f,10,tr,3,49
f,10,tr,2,45
f,10,tr,1,42
f,10,tr,0,40
f,10,ha,24,67
f,10,ha,23,64
f,10,ha,22,62
f,10,ha,21,59
f,10,ha,20,56
f,10,ha,19,54
f,10,ha,18,51
f,10,ha,17,48
f,10,ha,16,46
f,10,ha,15,43
f,10,ha,14,41
f,10,ha,13,40
f,10,ha,12,40
f,10,ha,11,40
f,10,ha,10,40
f,10,ha,9,40
f,10,ha,8,40
f,10,ha,7,40
f,10,ha,6,40
f,10,ha,5,40
f,10,ha,4,40
f,10,ha,3,40
f,10,ha,2,40
f,10,ha,1,40
f,10,ha,0,40
f,11,gad,30,90
f,11,gad,29,90
f,11,gad,28,89
f,11,gad,27,87
f,11,gad,26,85
f,11,gad,25,83
f,11,gad,24,80
f,11,gad,23,78
f,11,gad,22,76
f,11,gad,21,74
f,11,gad,20,72
f,11,gad,19,70
f,11,gad,18,68
f,11,gad,17,66
f,11,gad,16,63
f,11,gad,15,61
f,11,gad,14,59
f,11,gad,13,57
f,11,gad,12,55
f,11,gad,11,53
f,11,gad,10,51
f,11,gad,9,49
f,11,gad,8,46
f,11,gad,7,44
f,11,gad,6,42
f,11,gad,5,40
f,11,gad,4,40
f,11,gad,3,40
f,11,gad,2,40
f,11,gad,1,40
f,11,gad,0,40
f,11,sa,27,76
f,11,sa,26,75
f,11,sa,25,73
f,11,sa,24,71
f,11,sa,23,70
f,11,sa,22,68
f,11,sa,21,67
f,11,sa,20,65
f,11,sa,19,63
f,11,sa,18,62
f,11,sa,17,60
f,11,sa,16,58
f,11,sa,15,57
f,11,sa,14,55
f,11,sa,13,53
f,11,sa,12,52
f,11,sa,11,50
f,11,sa,10,48
f,11,sa,9,47
f,11,sa,8,45
f,11,sa,7,43
f,11,sa,6,42
f,11,sa,5,40
f,11,sa,4,40
f,11,sa,3,40
f,11,sa,2,40
f,11,sa,1,40
f,11,sa,0,40
f,11,hr,15,72
f,11,hr,14,69
f,11,hr,13,67
f,11,hr,12,65
f,11,hr,11,62
f,11,hr,10,60
f,11,hr,9,57
f,11,hr,8,55
f,11,hr,7,53
f,11,hr,6,50
f,11,hr,5,48
f,11,hr,4,45
f,11,hr,3,43
f,11,hr,2,41
f,11,hr,1,40
f,11,hr,0,40
f,11,pf,12,76
f,11,pf,11,73
f,11,pf,10,69
f,11,pf,9,65
f,11,pf,8,61
f,11,pf,7,58
f,11,pf,6,54
f,11,pf,5,49
f,11,pf,4,46
f,11,pf,3,43
f,11,pf,2,40
f,11,pf,1,40
f,11,pf,0,40
f,11,oc,30,88
f,11,oc,29,86
f,11,oc,28,85
f,11,oc,27,83
f,11,oc,26,81
f,11,oc,25,80
f,11,oc,24,78
f,11,oc,23,76
f,11,oc,22,75
f,11,oc,21,73
f,11,oc,20,71
f,11,oc,19,69
f,11,oc,18,68
f,11,oc,17,66
f,11,oc,16,64
f,11,oc,15,63
f,11,oc,14,61
f,11,oc,13,59
f,11,oc,12,58
f,11,oc,11,56
f,11,oc,10,54
f,11,oc,9,53
f,11,oc,8,51
f,11,oc,7,49
f,11,oc,6,47
f,11,oc,5,46
f,11,oc,4,44
f,11,oc,3,42
f,11,oc,2,41
f,11,oc,1,40
f,11,oc,0,40
f,11,ps,36,90
f,11,ps,35,90
f,11,ps,34,90
f,11,ps,33,90
f,11,ps,32,90
f,11,ps,31,90
f,11,ps,30,88
f,11,ps,29,87
f,11,ps,28,85
f,11,ps,27,83
f,11,ps,26,82
f,11,ps,25,80
f,11,ps,24,78
f,11,ps,23,77
f,11,ps,22,75
f,11,ps,21,73
f,11,ps,20,72
f,11,ps,19,70
f,11,ps,18,68
f,11,ps,17,66
f,11,ps,16,65
f,11,ps,15,63
f,11,ps,14,61
f,11,ps,13,60
f,11,ps,12,58
f,11,ps,11,56
f,11,ps,10,55
f,11,ps,9,53
f,11,ps,8,51
f,11,ps,7,50
f,11,ps,6,48
f,11,ps,5,46
f,11,ps,4,45
f,11,ps,3,43
f,11,ps,2,41
f,11,ps,1,40
f,11,ps,0,40
f,11,p,21,90
f,11,p,20,90
f,11,p,19,90
f,11,p,18,90
f,11,p,17,89
f,11,p,16,86
f,11,p,15,83
f,11,p,14,80
f,11,p,13,77
f,11,p,12,74
f,11,p,11,71
f,11,p,10,68
f,11,p,9,65
f,11,p,8,62
f,11,p,7,60
f,11,p,6,57
f,11,p,5,54
f,11,p,4,51
f,11,p,3,48
f,11,p,2,45
f,11,p,1,42
f,11,p,0,40
f,11,tr,15,87
f,11,tr,14,84
f,11,tr,13,81
f,11,tr,12,77
f,11,tr,11,74
f,11,tr,10,71
f,11,tr,9,68
f,11,tr,8,65
f,11,tr,7,61
f,11,tr,6,58
f,11,tr,5,55
f,11,tr,4,52
f,11,tr,3,49
f,11,tr,2,45
f,11,tr,1,42
f,11,tr,0,40
f,11,ha,24,67
f,11,ha,23,64
f,11,ha,22,62
f,11,ha,21,59
f,11,ha,20,56
f,11,ha,19,54
f,11,ha,18,51
f,11,ha,17,48
f,11,ha,16,46
f,11,ha,15,43
f,11,ha,14,41
f,11,ha,13,40
f,11,ha,12,40
f,11,ha,11,40
f,11,ha,10,40
f,11,ha,9,40
f,11,ha,8,40
f,11,ha,7,40
f,11,ha,6,40
f,11,ha,5,40
f,11,ha,4,40
f,11,ha,3,40
f,11,ha,2,40
f,11,ha,1,40
f,11,ha,0,40
m,8,total,150,90
m,8,total,149,90
m,8,total,148,90
m,8,total,147,90
m,8,total,146,90
m,8,total,145,90
m,8,total,144,90
m,8,total,143,90
m,8,total,142,90
m,8,total,141,90
m,8,total,140,90
m,8,total,139,89
m,8,total,138,89
m,8,total,137,88
m,8,total,136,88
m,8,total,135,87
m,8,total,134,87
m,8,total,133,86
m,8,total,132,86
m,8,total,131,86
m,8,total,130,85
m,8,total,129,85
m,8,total,128,84
m,8,total,127,84
m,8,total,126,83
m,8,total,125,83
m,8,total,124,82
m,8,total,123,82
m,8,total,122,82
m,8,total,121,81
m,8,total,120,81
m,8,total,119,80
m,8,total,118,80
m,8,total,117,79
m,8,total,116,79
m,8,total,115,78
m,8,total,114,78
m,8,total,113,77
m,8,total,112,77
m,8,total,111,77
m,8,total,110,76
m,8,total,109,76
m,8,total,108,75
m,8,total,107,75
m,8,total,106,74
m,8,total,105,74
m,8,total,104,73
m,8,total,103,73
m,8,total,102,73
m,8,total,101,72
m,8,total,100,72
m,8,total,99,71
m,8,total,98,71
m,8,total,97,70
m,8,total,96,70
m,8,total,95,69
m,8,total,94,69
m,8,total,93,69
m,8,total,92,68
m,8,total,91,68
m,8,total,90,67
m,8,total,89,67
m,8,total,88,66
m,8,total,87,66
m,8,total,86,65
m,8,total,85,65
m,8,total,84,64
m,8,total,83,64
m,8,total,82,64
m,8,total,81,63
m,8,total,80,63
m,8,total,79,62
m,8,total,78,62
m,8,total,77,61
m,8,total,76,61
m,8,total,75,60
m,8,total,74,60
m,8,total,73,60
m,8,total,72,59
m,8,total,71,59
m,8,total,70,58
m,8,total,69,58
m,8,total,68,57
m,8,total,67,57
m,8,total,66,56
m,8,total,65,56
m,8,total,64,56
m,8,total,63,55
m,8,total,62,55
m,8,total,61,54
m,8,total,60,54
m,8,total,59,53
m,8,total,58,53
m,8,total,57,52
m,8,total,56,52
m,8,total,55,51
m,8,total,54,51
m,8,total,53,51
m,8,total,52,50
m,8,total,51,50
m,8,total,50,49
m,8,total,49,49
m,8,total,48,48
m,8,total,47,48
m,8,total,46,47
m,8,total,45,47
m,8,total,44,47
m,8,total,43,46
m,8,total,42,46
m,8,total,41,45
m,8,total,40,45
m,8,total,39,44
m,8,total,38,44
m,8,total,37,43
m,8,total,36,43
m,8,total,35,42
m,8,total,34,42
m,8,total,33,42
m,8,total,32,41
m,8,total,31,41
m,8,total,30,40
m,8,total,29,40
m,8,total,28,40
m,8,total,27,40
m,8,total,26,40
m,8,total,25,40
m,8,total,24,40
m,8,total,23,40
m,8,total,22,40
m,8,total,21,40
m,8,total,20,40
m,8,total,19,40
m,8,total,18,40
m,8,total,17,40
m,8,total,16,40
m,8,total,15,40
m,8,total,14,40
m,8,total,13,40
m,8,total,12,40
m,8,total,11,40
m,8,total,10,40
m,8,total,9,40
m,8,total,8,40
m,8,total,7,40
m,8,total,6,40
m,8,total,5,40
m,8,total,4,40
m,8,total,3,40
m,8,total,2,40
m,8,total,1,40
m,8,total,0,40
m,9,total,150,90
m,9,total,149,90
m,9,total,148,90
m,9,total,147,90
m,9,total,146,90
m,9,total,145,90
m,9,total,144,90
m,9,total,143,90
m,9,total,142,90
m,9,total,141,90
m,9,total,140,90
m,9,total,139,89
m,9,total,138,89
m,9,total,137,88
m,9,total,136,88
m,9,total,135,87
m,9,total,134,87
m,9,total,133,86
m,9,total,132,86
m,9,total,131,86
m,9,total,130,85
m,9,total,129,85
m,9,total,128,84
m,9,total,127,84
m,9,total,126,83
m,9,total,125,83
m,9,total,124,82
m,9,total,123,82
m,9,total,122,82
m,9,total,121,81
m,9,total,120,81
m,9,total,119,80
m,9,total,118,80
m,9,total,117,79
m,9,total,116,79
m,9,total,115,78
m,9,total,114,78
m,9,total,113,77
m,9,total,112,77
m,9,total,111,77
m,9,total,110,76
m,9,total,109,76
m,9,total,108,75
m,9,total,107,75
m,9,total,106,74
m,9,total,105,74
m,9,total,104,73
m,9,total,103,73
m,9,total,102,73
m,9,total,101,72
m,9,total,100,72
m,9,total,99,71
m,9,total,98,71
m,9,total,97,70
m,9,total,96,70
m,9,total,95,69
m,9,total,94,69
m,9,total,93,69
m,9,total,92,68
m,9,total,91,68
m,9,total,90,67
m,9,total,89,67
m,9,total,88,66
m,9,total,87,66
m,9,total,86,65
m,9,total,85,65
m,9,total,84,64
m,9,total,83,64
m,9,total,82,64
m,9,total,81,63
m,9,total,80,63
m,9,total,79,62
m,9,total,78,62
m,9,total,77,61
m,9,total,76,61
m,9,total,75,60
m,9,total,74,60
m,9,total,73,60
m,9,total,72,59
m,9,total,71,59
m,9,total,70,58
m,9,total,69,58
m,9,total,68,57
m,9,total,67,57
m,9,total,66,56
m,9,total,65,56
m,9,total,64,56
m,9,total,63,55
m,9,total,62,55
m,9,total,61,54
m,9,total,60,54
m,9,total,59,53
m,9,total,58,53
m,9,total,57,52
m,9,total,56,52
m,9,total,55,51
m,9,total,54,51
m,9,total,53,51
m,9,total,52,50
m,9,total,51,50
m,9,total,50,49
m,9,total,49,49
m,9,total,48,48
m,9,total,47,48
m,9,total,46,47
m,9,total,45,47
m,9,total,44,47
m,9,total,43,46
m,9,total,42,46
m,9,total,41,45
m,9,total,40,45
m,9,total,39,44
m,9,total,38,44
m,9,total,37,43
m,9,total,36,43
m,9,total,35,42
m,9,total,34,42
m,9,total,33,42
m,9,total,32,41
m,9,total,31,41
m,9,total,30,40
m,9,total,29,40
m,9,total,28,40
m,9,total,27,40
m,9,total,26,40
m,9,total,25,40
m,9,total,24,40
m,9,total,23,40
m,9,total,22,40
m,9,total,21,40
m,9,total,20,40
m,9,total,19,40
m,9,total,18,40
m,9,total,17,40
m,9,total,16,40
m,9,total,15,40
m,9,total,14,40
m,9,total,13,40
m,9,total,12,40
m,9,total,11,40
m,9,total,10,40
m,9,total,9,40
m,9,total,8,40
m,9,total,7,40
m,9,total,6,40
m,9,total,5,40
m,9,total,4,40
m,9,total,3,40
m,9,total,2,40
m,9,total,1,40
m,9,total,0,40
m,10,total,150,90
m,10,total,149,90
m,10,total,148,90
m,10,total,147,90
m,10,total,146,90
m,10,total,145,90
m,10,total,144,90
m,10,total,143,90
m,10,total,142,90
m,10,total,141,90
m,10,total,140,90
m,10,total,139,89
m,10,total,138,89
m,10,total,137,88
m,10,total,136,88
m,10,total,135,87
m,10,total,134,87
m,10,total,133,86
m,10,total,132,86
m,10,total,131,86
m,10,total,130,85
m,10,total,129,85
m,10,total,128,84
m,10,total,127,84
m,10,total,126,83
m,10,total,125,83
m,10,total,124,82
m,10,total,123,82
m,10,total,122,82
m,10,total,121,81
m,10,total,120,81
m,10,total,119,80
m,10,total,118,80
m,10,total,117,79
m,10,total,116,79
m,10,total,115,78
m,10,total,114,78
m,10,total,113,77
m,10,total,112,77
m,10,total,111,77
m,10,total,110,76
m,10,total,109,76
m,10,total,108,75
m,10,total,107,75
m,10,total,106,74
m,10,total,105,74
m,10,total,104,73
m,10,total,103,73
m,10,total,102,73
m,10,total,101,72
m,10,total,100,72
m,10,total,99,71
m,10,total,98,71
m,10,total,97,70
m,10,total,96,70
m,10,total,95,69
m,10,total,94,69
m,10,total,93,69
m,10,total,92,68
m,10,total,91,68
m,10,total,90,67
m,10,total,89,67
m,10,total,88,66
m,10,total,87,66
m,10,total,86,65
m,10,total,85,65
m,10,total,84,64
m,10,total,83,64
m,10,total,82,64
m,10,total,81,63
m,10,total,80,63
m,10,total,79,62
m,10,total,78,62
m,10,total,77,61
m,10,total,76,61
m,10,total,75,60
m,10,total,74,60
m,10,total,73,60
m,10,total,72,59
m,10,total,71,59
m,10,total,70,58
m,10,total,69,58
m,10,total,68,57
m,10,total,67,57
m,10,total,66,56
m,10,total,65,56
m,10,total,64,56
m,10,total,63,55
m,10,total,62,55
m,10,total,61,54
m,10,total,60,54
m,10,total,59,53
m,10,total,58,53
m,10,total,57,52
m,10,total,56,52
m,10,total,55,51
m,10,total,54,51
m,10,total,53,51
m,10,total,52,50
m,10,total,51,50
m,10,total,50,49
m,10,total,49,49
m,10,total,48,48
m,10,total,47,48
m,10,total,46,47
m,10,total,45,47
m,10,total,44,47
m,10,total,43,46
m,10,total,42,46
m,10,total,41,45
m,10,total,40,45
m,10,total,39,44
m,10,total,38,44
m,10,total,37,43
m,10,total,36,43
m,10,total,35,42
m,10,total,34,42
m,10,total,33,42
m,10,total,32,41
m,10,total,31,41
m,10,total,30,40
m,10,total,29,40
m,10,total,28,40
m,10,total,27,40
m,10,total,26,40
m,10,total,25,40
m,10,total,24,40
m,10,total,23,40
m,10,total,22,40
m,10,total,21,40
m,10,total,20,40
m,10,total,19,40
m,10,total,18,40
m,10,total,17,40
m,10,total,16,40
m,10,total,15,40
m,10,total,14,40
m,10,total,13,40
m,10,total,12,40
m,10,total,11,40
m,10,total,10,40
m,10,total,9,40
m,10,total,8,40
m,10,total,7,40
m,10,total,6,40
m,10,total,5,40
m,10,total,4,40
m,10,total,3,40
m,10,total,2,40
m,10,total,1,40
m,10,total,0,40
m,11,total,150,90
m,11,total,149,90
m,11,total,148,90
m,11,total,147,90
m,11,total,146,90
m,11,total,145,90
m,11,total,144,90
m,11,total,143,90
m,11,total,142,90
m,11,total,141,90
m,11,total,140,90
m,11,total,139,89
m,11,total,138,89
m,11,total,137,88
m,11,total,136,88
m,11,total,135,87
m,11,total,134,87
m,11,total,133,86
m,11,total,132,86
m,11,total,131,86
m,11,total,130,85
m,11,total,129,85
m,11,total,128,84
m,11,total,127,84
m,11,total,126,83
m,11,total,125,83
m,11,total,124,82
m,11,total,123,82
m,11,total,122,82
m,11,total,121,81
m,11,total,120,81
m,11,total,119,80
m,11,total,118,80
m,11,total,117,79
m,11,total,116,79
m,11,total,115,78
m,11,total,114,78
m,11,total,113,77
m,11,total,112,77
m,11,total,111,77
m,11,total,110,76
m,11,total,109,76
m,11,total,108,75
m,11,total,107,75
m,11,total,106,74
m,11,total,105,74
m,11,total,104,73
m,11,total,103,73
m,11,total,102,73
m,11,total,101,72
m,11,total,100,72
m,11,total,99,71
m,11,total,98,71
m,11,total,97,70
m,11,total,96,70
m,11,total,95,69
m,11,total,94,69
m,11,total,93,69
m,11,total,92,68
m,11,total,91,68
m,11,total,90,67
m,11,total,89,67
m,11,total,88,66
m,11,total,87,66
m,11,total,86,65
m,11,total,85,65
m,11,total,84,64
m,11,total,83,64
m,11,total,82,64
m,11,total,81,63
m,11,total,80,63
m,11,total,79,62
m,11,total,78,62
m,11,total,77,61
m,11,total,76,61
m,11,total,75,60
m,11,total,74,60
m,11,total,73,60
m,11,total,72,59
m,11,total,71,59
m,11,total,70,58
m,11,total,69,58
m,11,total,68,57
m,11,total,67,57
m,11,total,66,56
m,11,total,65,56
m,11,total,64,56
m,11,total,63,55
m,11,total,62,55
m,11,total,61,54
m,11,total,60,54
m,11,total,59,53
m,11,total,58,53
m,11,total,57,52
m,11,total,56,52
m,11,total,55,51
m,11,total,54,51
m,11,total,53,51
m,11,total,52,50
m,11,total,51,50
m,11,total,50,49
m,11,total,49,49
m,11,total,48,48
m,11,total,47,48
m,11,total,46,47
m,11,total,45,47
m,11,total,44,47
m,11,total,43,46
m,11,total,42,46
m,11,total,41,45
m,11,total,40,45
m,11,total,39,44
m,11,total,38,44
m,11,total,37,43
m,11,total,36,43
m,11,total,35,42
m,11,total,34,42
m,11,total,33,42
m,11,total,32,41
m,11,total,31,41
m,11,total,30,40
m,11,total,29,40
m,11,total,28,40
m,11,total,27,40
m,11,total,26,40
m,11,total,25,40
m,11,total,24,40
m,11,total,23,40
m,11,total,22,40
m,11,total,21,40
m,11,total,20,40
m,11,total,19,40
m,11,total,18,40
m,11,total,17,40
m,11,total,16,40
m,11,total,15,40
m,11,total,14,40
m,11,total,13,40
m,11,total,12,40
m,11,total,11,40
m,11,total,10,40
m,11,total,9,40
m,11,total,8,40
m,11,total,7,40
m,11,total,6,40
m,11,total,5,40
m,11,total,4,40
m,11,total,3,40
m,11,total,2,40
m,11,total,1,40
m,11,total,0,40
m,8,sp,27,85
m,8,sp,26,83
m,8,sp,25,81
m,8,sp,24,79
m,8,sp,23,77
m,8,sp,22,76
m,8,sp,21,74
m,8,sp,20,72
m,8,sp,19,70
m,8,sp,18,68
m,8,sp,17,66
m,8,sp,16,64
m,8,sp,15,62
m,8,sp,14,60
m,8,sp,13,58
m,8,sp,12,57
m,8,sp,11,55
m,8,sp,10,53
m,8,sp,9,51
m,8,sp,8,49
m,8,sp,7,47
m,8,sp,6,45
m,8,sp,5,43
m,8,sp,4,41
m,8,sp,3,40
m,8,sp,2,40
m,8,sp,1,40
m,8,sp,0,40
m,9,sp,27,85
m,9,sp,26,83
m,9,sp,25,81
m,9,sp,24,79
m,9,sp,23,77
m,9,sp,22,76
m,9,sp,21,74
m,9,sp,20,72
m,9,sp,19,70
m,9,sp,18,68
m,9,sp,17,66
m,9,sp,16,64
m,9,sp,15,62
m,9,sp,14,60
m,9,sp,13,58
m,9,sp,12,57
m,9,sp,11,55
m,9,sp,10,53
m,9,sp,9,51
m,9,sp,8,49
m,9,sp,7,47
m,9,sp,6,45
m,9,sp,5,43
m,9,sp,4,41
m,9,sp,3,40
m,9,sp,2,40
m,9,sp,1,40
m,9,sp,0,40
m,10,sp,27,85
m,10,sp,26,83
m,10,sp,25,81
m,10,sp,24,79
m,10,sp,23,77
m,10,sp,22,76
m,10,sp,21,74
m,10,sp,20,72
m,10,sp,19,70
m,10,sp,18,68
m,10,sp,17,66
m,10,sp,16,64
m,10,sp,15,62
m,10,sp,14,60
m,10,sp,13,58
m,10,sp,12,57
m,10,sp,11,55
m,10,sp,10,53
m,10,sp,9,51
m,10,sp,8,49
m,10,sp,7,47
m,10,sp,6,45
m,10,sp,5,43
m,10,sp,4,41
m,10,sp,3,40
m,10,sp,2,40
m,10,sp,1,40
m,10,sp,0,40
m,11,sp,27,85
m,11,sp,26,83
m,11,sp,25,81
m,11,sp,24,79
m,11,sp,23,77
m,11,sp,22,76
m,11,sp,21,74
m,11,sp,20,72
m,11,sp,19,70
m,11,sp,18,68
m,11,sp,17,66
m,11,sp,16,64
m,11,sp,15,62
m,11,sp,14,60
m,11,sp,13,58
m,11,sp,12,57
m,11,sp,11,55
m,11,sp,10,53
m,11,sp,9,51
m,11,sp,8,49
m,11,sp,7,47
m,11,sp,6,45
m,11,sp,5,43
m,11,sp,4,41
m,11,sp,3,40
m,11,sp,2,40
m,11,sp,1,40
m,11,sp,0,40
m,8,gad,30,90
m,8,gad,29,88
m,8,gad,28,86
m,8,gad,27,84
m,8,gad,26,82
m,8,gad,25,80
m,8,gad,24,78
m,8,gad,23,76
m,8,gad,22,74
m,8,gad,21,72
m,8,gad,20,70
m,8,gad,19,68
m,8,gad,18,66
m,8,gad,17,64
m,8,gad,16,62
m,8,gad,15,60
m,8,gad,14,59
m,8,gad,13,57
m,8,gad,12,55
m,8,gad,11,53
m,8,gad,10,51
m,8,gad,9,49
m,8,gad,8,47
m,8,gad,7,45
m,8,gad,6,43
m,8,gad,5,41
m,8,gad,4,40
m,8,gad,3,40
m,8,gad,2,40
m,8,gad,1,40
m,8,gad,0,40
m,8,sa,27,79
m,8,sa,26,77
m,8,sa,25,75
m,8,sa,24,74
m,8,sa,23,72
m,8,sa,22,70
m,8,sa,21,68
m,8,sa,20,67
m,8,sa,19,65
m,8,sa,18,63
m,8,sa,17,62
m,8,sa,16,60
m,8,sa,15,58
m,8,sa,14,57
m,8,sa,13,55
m,8,sa,12,53
m,8,sa,11,52
m,8,sa,10,50
m,8,sa,9,48
m,8,sa,8,46
m,8,sa,7,45
m,8,sa,6,43
m,8,sa,5,41
m,8,sa,4,40
m,8,sa,3,40
m,8,sa,2,40
m,8,sa,1,40
m,8,sa,0,40
m,8,hr,15,74
m,8,hr,14,71
m,8,hr,13,69
m,8,hr,12,66
m,8,hr,11,63
m,8,hr,10,61
m,8,hr,9,58
m,8,hr,8,56
m,8,hr,7,53
m,8,hr,6,51
m,8,hr,5,48
m,8,hr,4,46
m,8,hr,3,43
m,8,hr,2,40
m,8,hr,1,40
m,8,hr,0,40
m,8,pf,12,78
m,8,pf,11,75
m,8,pf,10,71
m,8,pf,9,67
m,8,pf,8,63
m,8,pf,7,60
m,8,pf,6,56
m,8,pf,5,52
m,8,pf,4,49
m,8,pf,3,45
m,8,pf,2,41
m,8,pf,1,40
m,8,pf,0,40
m,8,oc,30,87
m,8,oc,29,86
m,8,oc,28,84
m,8,oc,27,82
m,8,oc,26,81
m,8,oc,25,79
m,8,oc,24,78
m,8,oc,23,76
m,8,oc,22,74
m,8,oc,21,73
m,8,oc,20,71
m,8,oc,19,70
m,8,oc,18,68
m,8,oc,17,66
m,8,oc,16,65
m,8,oc,15,63
m,8,oc,14,62
m,8,oc,13,60
m,8,oc,12,58
m,8,oc,11,57
m,8,oc,10,55
m,8,oc,9,54
m,8,oc,8,52
m,8,oc,7,50
m,8,oc,6,49
m,8,oc,5,47
m,8,oc,4,46
m,8,oc,3,44
m,8,oc,2,43
m,8,oc,1,41
m,8,oc,0,40
m,8,ps,36,90
m,8,ps,35,89
m,8,ps,34,88
m,8,ps,33,86
m,8,ps,32,85
m,8,ps,31,83
m,8,ps,30,82
m,8,ps,29,81
m,8,ps,28,79
m,8,ps,27,78
m,8,ps,26,76
m,8,ps,25,75
m,8,ps,24,74
m,8,ps,23,72
m,8,ps,22,71
m,8,ps,21,69
m,8,ps,20,68
m,8,ps,19,66
m,8,ps,18,65
m,8,ps,17,64
m,8,ps,16,62
m,8,ps,15,61
m,8,ps,14,59
m,8,ps,13,58
m,8,ps,12,57
m,8,ps,11,55
m,8,ps,10,54
m,8,ps,9,52
m,8,ps,8,51
m,8,ps,7,49
m,8,ps,6,48
m,8,ps,5,47
m,8,ps,4,45
m,8,ps,3,44
m,8,ps,2,42
m,8,ps,1,41
m,8,ps,0,40
m,8,p,21,90
m,8,p,20,90
m,8,p,19,88
m,8,p,18,85
m,8,p,17,83
m,8,p,16,80
m,8,p,15,78
m,8,p,14,75
m,8,p,13,73
m,8,p,12,70
m,8,p,11,68
m,8,p,10,65
m,8,p,9,63
m,8,p,8,61
m,8,p,7,58
m,8,p,6,56
m,8,p,5,53
m,8,p,4,51
m,8,p,3,48
m,8,p,2,46
m,8,p,1,43
m,8,p,0,41
m,8,tr,15,85
m,8,tr,14,82
m,8,tr,13,79
m,8,tr,12,76
m,8,tr,11,73
m,8,tr,10,70
m,8,tr,9,67
m,8,tr,8,64
m,8,tr,7,60
m,8,tr,6,57
m,8,tr,5,54
m,8,tr,4,51
m,8,tr,3,48
m,8,tr,2,45
m,8,tr,1,42
m,8,tr,0,40
m,8,ha,24,67
m,8,ha,23,65
m,8,ha,22,62
m,8,ha,21,60
m,8,ha,20,57
m,8,ha,19,55
m,8,ha,18,53
m,8,ha,17,50
m,8,ha,16,48
m,8,ha,15,45
m,8,ha,14,43
m,8,ha,13,40
m,8,ha,12,40
m,8,ha,11,40
m,8,ha,10,40
m,8,ha,9,40
m,8,ha,8,40
m,8,ha,7,40
m,8,ha,6,40
m,8,ha,5,40
m,8,ha,4,40
m,8,ha,3,40
m,8,ha,2,40
m,8,ha,1,40
m,8,ha,0,40
m,9,gad,30,90
m,9,gad,29,88
m,9,gad,28,86
m,9,gad,27,84
m,9,gad,26,82
m,9,gad,25,80
m,9,gad,24,78
m,9,gad,23,76
m,9,gad,22,74
m,9,gad,21,72
m,9,gad,20,70
m,9,gad,19,68
m,9,gad,18,66
m,9,gad,17,64
m,9,gad,16,62
m,9,gad,15,60
m,9,gad,14,59
m,9,gad,13,57
m,9,gad,12,55
m,9,gad,11,53
m,9,gad,10,51
m,9,gad,9,49
m,9,gad,8,47
m,9,gad,7,45
m,9,gad,6,43
m,9,gad,5,41
m,9,gad,4,40
m,9,gad,3,40
m,9,gad,2,40
m,9,gad,1,40
m,9,gad,0,40
m,9,sa,27,79
m,9,sa,26,77
m,9,sa,25,75
m,9,sa,24,74
m,9,sa,23,72
m,9,sa,22,70
m,9,sa,21,68
m,9,sa,20,67
m,9,sa,19,65
m,9,sa,18,63
m,9,sa,17,62
m,9,sa,16,60
m,9,sa,15,58
m,9,sa,14,57
m,9,sa,13,55
m,9,sa,12,53
m,9,sa,11,52
m,9,sa,10,50
m,9,sa,9,48
m,9,sa,8,46
m,9,sa,7,45
m,9,sa,6,43
m,9,sa,5,41
m,9,sa,4,40
m,9,sa,3,40
m,9,sa,2,40
m,9,sa,1,40
m,9,sa,0,40
m,9,hr,15,74
m,9,hr,14,71
m,9,hr,13,69
m,9,hr,12,66
m,9,hr,11,63
m,9,hr,10,61
m,9,hr,9,58
m,9,hr,8,56
m,9,hr,7,53
m,9,hr,6,51
m,9,hr,5,48
m,9,hr,4,46
m,9,hr,3,43
m,9,hr,2,40
m,9,hr,1,40
m,9,hr,0,40
m,9,pf,12,78
m,9,pf,11,75
m,9,pf,10,71
m,9,pf,9,67
m,9,pf,8,63
m,9,pf,7,60
m,9,pf,6,56
m,9,pf,5,52
m,9,pf,4,49
m,9,pf,3,45
m,9,pf,2,41
m,9,pf,1,40
m,9,pf,0,40
m,9,oc,30,87
m,9,oc,29,86
m,9,oc,28,84
m,9,oc,27,82
m,9,oc,26,81
m,9,oc,25,79
m,9,oc,24,78
m,9,oc,23,76
m,9,oc,22,74
m,9,oc,21,73
m,9,oc,20,71
m,9,oc,19,70
m,9,oc,18,68
m,9,oc,17,66
m,9,oc,16,65
m,9,oc,15,63
m,9,oc,14,62
m,9,oc,13,60
m,9,oc,12,58
m,9,oc,11,57
m,9,oc,10,55
m,9,oc,9,54
m,9,oc,8,52
m,9,oc,7,50
m,9,oc,6,49
m,9,oc,5,47
m,9,oc,4,46
m,9,oc,3,44
m,9,oc,2,43
m,9,oc,1,41
m,9,oc,0,40
m,9,ps,36,90
m,9,ps,35,89
m,9,ps,34,88
m,9,ps,33,86
m,9,ps,32,85
m,9,ps,31,83
m,9,ps,30,82
m,9,ps,29,81
m,9,ps,28,79
m,9,ps,27,78
m,9,ps,26,76
m,9,ps,25,75
m,9,ps,24,74
m,9,ps,23,72
m,9,ps,22,71
m,9,ps,21,69
m,9,ps,20,68
m,9,ps,19,66
m,9,ps,18,65
m,9,ps,17,64
m,9,ps,16,62
m,9,ps,15,61
m,9,ps,14,59
m,9,ps,13,58
m,9,ps,12,57
m,9,ps,11,55
m,9,ps,10,54
m,9,ps,9,52
m,9,ps,8,51
m,9,ps,7,49
m,9,ps,6,48
m,9,ps,5,47
m,9,ps,4,45
m,9,ps,3,44
m,9,ps,2,42
m,9,ps,1,41
m,9,ps,0,40
m,9,p,21,90
m,9,p,20,90
m,9,p,19,88
m,9,p,18,85
m,9,p,17,83
m,9,p,16,80
m,9,p,15,78
m,9,p,14,75
m,9,p,13,73
m,9,p,12,70
m,9,p,11,68
m,9,p,10,65
m,9,p,9,63
m,9,p,8,61
m,9,p,7,58
m,9,p,6,56
m,9,p,5,53
m,9,p,4,51
m,9,p,3,48
m,9,p,2,46
m,9,p,1,43
m,9,p,0,41
m,9,tr,15,85
m,9,tr,14,82
m,9,tr,13,79
m,9,tr,12,76
m,9,tr,11,73
m,9,tr,10,70
m,9,tr,9,67
m,9,tr,8,64
m,9,tr,7,60
m,9,tr,6,57
m,9,tr,5,54
m,9,tr,4,51
m,9,tr,3,48
m,9,tr,2,45
m,9,tr,1,42
m,9,tr,0,40
m,9,ha,24,67
m,9,ha,23,65
m,9,ha,22,62
m,9,ha,21,60
m,9,ha,20,57
m,9,ha,19,55
m,9,ha,18,53
m,9,ha,17,50
m,9,ha,16,48
m,9,ha,15,45
m,9,ha,14,43
m,9,ha,13,40
m,9,ha,12,40
m,9,ha,11,40
m,9,ha,10,40
m,9,ha,9,40
m,9,ha,8,40
m,9,ha,7,40
m,9,ha,6,40
m,9,ha,5,40
m,9,ha,4,40
m,9,ha,3,40
m,9,ha,2,40
m,9,ha,1,40
m,9,ha,0,40
m,10,gad,30,90
m,10,gad,29,88
m,10,gad,28,86
m,10,gad,27,84
m,10,gad,26,82
m,10,gad,25,80
m,10,gad,24,78
m,10,gad,23,76
m,10,gad,22,74
m,10,gad,21,72
m,10,gad,20,70
m,10,gad,19,68
m,10,gad,18,66
m,10,gad,17,64
m,10,gad,16,62
m,10,gad,15,60
m,10,gad,14,59
m,10,gad,13,57
m,10,gad,12,55
m,10,gad,11,53
m,10,gad,10,51
m,10,gad,9,49
m,10,gad,8,47
m,10,gad,7,45
m,10,gad,6,43
m,10,gad,5,41
m,10,gad,4,40
m,10,gad,3,40
m,10,gad,2,40
m,10,gad,1,40
m,10,gad,0,40
m,10,sa,27,79
m,10,sa,26,77
m,10,sa,25,75
m,10,sa,24,74
m,10,sa,23,72
m,10,sa,22,70
m,10,sa,21,68
m,10,sa,20,67
m,10,sa,19,65
m,10,sa,18,63
m,10,sa,17,62
m,10,sa,16,60
m,10,sa,15,58
m,10,sa,14,57
m,10,sa,13,55
m,10,sa,12,53
m,10,sa,11,52
m,10,sa,10,50
m,10,sa,9,48
m,10,sa,8,46
m,10,sa,7,45
m,10,sa,6,43
m,10,sa,5,41
m,10,sa,4,40
m,10,sa,3,40
m,10,sa,2,40
m,10,sa,1,40
m,10,sa,0,40
m,10,hr,15,74
m,10,hr,14,71
m,10,hr,13,69
m,10,hr,12,66
m,10,hr,11,63
m,10,hr,10,61
m,10,hr,9,58
m,10,hr,8,56
m,10,hr,7,53
m,10,hr,6,51
m,10,hr,5,48
m,10,hr,4,46
m,10,hr,3,43
m,10,hr,2,40
m,10,hr,1,40
m,10,hr,0,40
m,10,pf,12,78
m,10,pf,11,75
m,10,pf,10,71
m,10,pf,9,67
m,10,pf,8,63
m,10,pf,7,60
m,10,pf,6,56
m,10,pf,5,52
m,10,pf,4,49
m,10,pf,3,45
m,10,pf,2,41
m,10,pf,1,40
m,10,pf,0,40
m,10,oc,30,87
m,10,oc,29,86
m,10,oc,28,84
m,10,oc,27,82
m,10,oc,26,81
m,10,oc,25,79
m,10,oc,24,78
m,10,oc,23,76
m,10,oc,22,74
m,10,oc,21,73
m,10,oc,20,71
m,10,oc,19,70
m,10,oc,18,68
m,10,oc,17,66
m,10,oc,16,65
m,10,oc,15,63
m,10,oc,14,62
m,10,oc,13,60
m,10,oc,12,58
m,10,oc,11,57
m,10,oc,10,55
m,10,oc,9,54
m,10,oc,8,52
m,10,oc,7,50
m,10,oc,6,49
m,10,oc,5,47
m,10,oc,4,46
m,10,oc,3,44
m,10,oc,2,43
m,10,oc,1,41
m,10,oc,0,40
m,10,ps,36,90
m,10,ps,35,89
m,10,ps,34,88
m,10,ps,33,86
m,10,ps,32,85
m,10,ps,31,83
m,10,ps,30,82
m,10,ps,29,81
m,10,ps,28,79
m,10,ps,27,78
m,10,ps,26,76
m,10,ps,25,75
m,10,ps,24,74
m,10,ps,23,72
m,10,ps,22,71
m,10,ps,21,69
m,10,ps,20,68
m,10,ps,19,66
m,10,ps,18,65
m,10,ps,17,64
m,10,ps,16,62
m,10,ps,15,61
m,10,ps,14,59
m,10,ps,13,58
m,10,ps,12,57
m,10,ps,11,55
m,10,ps,10,54
m,10,ps,9,52
m,10,ps,8,51
m,10,ps,7,49
m,10,ps,6,48
m,10,ps,5,47
m,10,ps,4,45
m,10,ps,3,44
m,10,ps,2,42
m,10,ps,1,41
m,10,ps,0,40
m,10,p,21,90
m,10,p,20,90
m,10,p,19,88
m,10,p,18,85
m,10,p,17,83
m,10,p,16,80
m,10,p,15,78
m,10,p,14,75
m,10,p,13,73
m,10,p,12,70
m,10,p,11,68
m,10,p,10,65
m,10,p,9,63
m,10,p,8,61
m,10,p,7,58
m,10,p,6,56
m,10,p,5,53
m,10,p,4,51
m,10,p,3,48
m,10,p,2,46
m,10,p,1,43
m,10,p,0,41
m,10,tr,15,85
m,10,tr,14,82
m,10,tr,13,79
m,10,tr,12,76
m,10,tr,11,73
m,10,tr,10,70
m,10,tr,9,67
m,10,tr,8,64
m,10,tr,7,60
m,10,tr,6,57
m,10,tr,5,54
m,10,tr,4,51
m,10,tr,3,48
m,10,tr,2,45
m,10,tr,1,42
m,10,tr,0,40
m,10,ha,24,67
m,10,ha,23,65
m,10,ha,22,62
m,10,ha,21,60
m,10,ha,20,57
m,10,ha,19,55
m,10,ha,18,53
m,10,ha,17,50
m,10,ha,16,48
m,10,ha,15,45
m,10,ha,14,43
m,10,ha,13,40
m,10,ha,12,40
m,10,ha,11,40
m,10,ha,10,40
m,10,ha,9,40
m,10,ha,8,40
m,10,ha,7,40
m,10,ha,6,40
m,10,ha,5,40
m,10,ha,4,40
m,10,ha,3,40
m,10,ha,2,40
m,10,ha,1,40
m,10,ha,0,40
m,11,gad,30,90
m,11,gad,29,88
m,11,gad,28,86
m,11,gad,27,84
m,11,gad,26,82
m,11,gad,25,80
m,11,gad,24,78
m,11,gad,23,76
m,11,gad,22,74
m,11,gad,21,72
m,11,gad,20,70
m,11,gad,19,68
m,11,gad,18,66
m,11,gad,17,64
m,11,gad,16,62
m,11,gad,15,60
m,11,gad,14,59
m,11,gad,13,57
m,11,gad,12,55
m,11,gad,11,53
m,11,gad,10,51
m,11,gad,9,49
m,11,gad,8,47
m,11,gad,7,45
m,11,gad,6,43
m,11,gad,5,41
m,11,gad,4,40
m,11,gad,3,40
m,11,gad,2,40
m,11,gad,1,40
m,11,gad,0,40
m,11,sa,27,79
m,11,sa,26,77
m,11,sa,25,75
m,11,sa,24,74
m,11,sa,23,72
m,11,sa,22,70
m,11,sa,21,68
m,11,sa,20,67
m,11,sa,19,65
m,11,sa,18,63
m,11,sa,17,62
m,11,sa,16,60
m,11,sa,15,58
m,11,sa,14,57
m,11,sa,13,55
m,11,sa,12,53
m,11,sa,11,52
m,11,sa,10,50
m,11,sa,9,48
m,11,sa,8,46
m,11,sa,7,45
m,11,sa,6,43
m,11,sa,5,41
m,11,sa,4,40
m,11,sa,3,40
m,11,sa,2,40
m,11,sa,1,40
m,11,sa,0,40
m,11,hr,15,74
m,11,hr,14,71
m,11,hr,13,69
m,11,hr,12,66
m,11,hr,11,63
m,11,hr,10,61
m,11,hr,9,58
m,11,hr,8,56
m,11,hr,7,53
m,11,hr,6,51
m,11,hr,5,48
m,11,hr,4,46
m,11,hr,3,43
m,11,hr,2,40
m,11,hr,1,40
m,11,hr,0,40
m,11,pf,12,78
m,11,pf,11,75
m,11,pf,10,71
m,11,pf,9,67
m,11,pf,8,63
m,11,pf,7,60
m,11,pf,6,56
m,11,pf,5,52
m,11,pf,4,49
m,11,pf,3,45
m,11,pf,2,41
m,11,pf,1,40
m,11,pf,0,40
m,11,oc,30,87
m,11,oc,29,86
m,11,oc,28,84
m,11,oc,27,82
m,11,oc,26,81
m,11,oc,25,79
m,11,oc,24,78
m,11,oc,23,76
m,11,oc,22,74
m,11,oc,21,73
m,11,oc,20,71
m,11,oc,19,70
m,11,oc,18,68
m,11,oc,17,66
m,11,oc,16,65
m,11,oc,15,63
m,11,oc,14,62
m,11,oc,13,60
m,11,oc,12,58
m,11,oc,11,57
m,11,oc,10,55
m,11,oc,9,54
m,11,oc,8,52
m,11,oc,7,50
m,11,oc,6,49
m,11,oc,5,47
m,11,oc,4,46
m,11,oc,3,44
m,11,oc,2,43
m,11,oc,1,41
m,11,oc,0,40
m,11,ps,36,90
m,11,ps,35,89
m,11,ps,34,88
m,11,ps,33,86
m,11,ps,32,85
m,11,ps,31,83
m,11,ps,30,82
m,11,ps,29,81
m,11,ps,28,79
m,11,ps,27,78
m,11,ps,26,76
m,11,ps,25,75
m,11,ps,24,74
m,11,ps,23,72
m,11,ps,22,71
m,11,ps,21,69
m,11,ps,20,68
m,11,ps,19,66
m,11,ps,18,65
m,11,ps,17,64
m,11,ps,16,62
m,11,ps,15,61
m,11,ps,14,59
m,11,ps,13,58
m,11,ps,12,57
m,11,ps,11,55
m,11,ps,10,54
m,11,ps,9,52
m,11,ps,8,51
m,11,ps,7,49
m,11,ps,6,48
m,11,ps,5,47
m,11,ps,4,45
m,11,ps,3,44
m,11,ps,2,42
m,11,ps,1,41
m,11,ps,0,40
m,11,p,21,90
m,11,p,20,90
m,11,p,19,88
m,11,p,18,85
m,11,p,17,83
m,11,p,16,80
m,11,p,15,78
m,11,p,14,75
m,11,p,13,73
m,11,p,12,70
m,11,p,11,68
m,11,p,10,65
m,11,p,9,63
m,11,p,8,61
m,11,p,7,58
m,11,p,6,56
m,11,p,5,53
m,11,p,4,51
m,11,p,3,48
m,11,p,2,46
m,11,p,1,43
m,11,p,0,41
m,11,tr,15,85
m,11,tr,14,82
m,11,tr,13,79
m,11,tr,12,76
m,11,tr,11,73
m,11,tr,10,70
m,11,tr,9,67
m,11,tr,8,64
m,11,tr,7,60
m,11,tr,6,57
m,11,tr,5,54
m,11,tr,4,51
m,11,tr,3,48
m,11,tr,2,45
m,11,tr,1,42
m,11,tr,0,40
m,11,ha,24,67
m,11,ha,23,65
m,11,ha,22,62
m,11,ha,21,60
m,11,ha,20,57
m,11,ha,19,55
m,11,ha,18,53
m,11,ha,17,50
m,11,ha,16,48
m,11,ha,15,45
m,11,ha,14,43
m,11,ha,13,40
m,11,ha,12,40
m,11,ha,11,40
m,11,ha,10,40
m,11,ha,9,40
m,11,ha,8,40
m,11,ha,7,40
m,11,ha,6,40
m,11,ha,5,40
m,11,ha,4,40
m,11,ha,3,40
m,11,ha,2,40
m,11,ha,1,40
m,11,ha,0,40
